-- --------------------------------------------------------
-- Host:                         172.16.165.135
-- Server version:               5.5.46 - MySQL Community Server (GPL)
-- Server OS:                    Win64
-- HeidiSQL Version:             9.3.0.5016
-- --------------------------------------------------------

/*!40101 SET @OLD_CHARACTER_SET_CLIENT=@@CHARACTER_SET_CLIENT */;
/*!40101 SET NAMES utf8mb4 */;
/*!40014 SET @OLD_FOREIGN_KEY_CHECKS=@@FOREIGN_KEY_CHECKS, FOREIGN_KEY_CHECKS=0 */;
/*!40101 SET @OLD_SQL_MODE=@@SQL_MODE, SQL_MODE='NO_AUTO_VALUE_ON_ZERO' */;

-- Dumping database structure for capkorean
CREATE DATABASE IF NOT EXISTS `capkorean` /*!40100 DEFAULT CHARACTER SET utf8 */;
USE `capkorean`;


-- Dumping structure for table capkorean.alert
CREATE TABLE IF NOT EXISTS `alert` (
  `alert_eid` int(11) unsigned NOT NULL AUTO_INCREMENT,
  `identifier` varchar(50) NOT NULL,
  `sender` varchar(100) NOT NULL,
  `sent` datetime NOT NULL,
  `status` enum('Actual','Exercise','System','Test','Draft') NOT NULL,
  `msgType` enum('Alert','Update','Cancel','Ack','Error') NOT NULL,
  `source` varchar(100) DEFAULT NULL,
  `scope` enum('Public','Restricted','Private') NOT NULL,
  `restriction` varchar(50) DEFAULT NULL,
  `addresses` varchar(50) DEFAULT NULL,
  `code` varchar(50) DEFAULT NULL,
  `note` varchar(1000) DEFAULT NULL,
  `references` varchar(1000) DEFAULT NULL,
  `incidents` varchar(1000) DEFAULT NULL,
  PRIMARY KEY (`alert_eid`)
) ENGINE=InnoDB AUTO_INCREMENT=87 DEFAULT CHARSET=utf8;

-- Dumping data for table capkorean.alert: ~82 rows (approximately)
/*!40000 ALTER TABLE `alert` DISABLE KEYS */;
INSERT INTO `alert` (`alert_eid`, `identifier`, `sender`, `sent`, `status`, `msgType`, `source`, `scope`, `restriction`, `addresses`, `code`, `note`, `references`, `incidents`) VALUES
	(1, '기상청0123456789', '김철수@weather.kma.go.kr', '2015-08-21 00:00:00', 'Exercise', 'Alert', NULL, 'Public', NULL, NULL, '대한민국정부 1.1', NULL, NULL, NULL),
	(2, '기상청1510010001', '김영희@weather.kma.go.kr', '2015-10-01 03:00:00', 'Exercise', 'Alert', NULL, 'Public', NULL, NULL, '대한민국정부 1.1', NULL, NULL, NULL),
	(3, '기상청5100100101', '김철수@weather.kma.go.kr', '2015-10-01 03:00:00', 'Actual', 'Alert', NULL, 'Public', NULL, NULL, '대한민국정부 1.1', NULL, NULL, NULL),
	(4, '기상청5100100201', '김철수@weather.kma.go.kr', '2015-10-01 04:00:00', 'Actual', 'Alert', NULL, 'Public', NULL, NULL, '대한민국정부 1.1', NULL, NULL, NULL),
	(5, '기상청5100100202', '김철수@weather.kma.go.kr', '2015-10-01 04:00:00', 'Actual', 'Alert', NULL, 'Public', NULL, NULL, '대한민국정부 1.1', NULL, NULL, NULL),
	(6, '기상청5100100203', '김철수@weather.kma.go.kr', '2015-10-01 04:00:00', 'Actual', 'Alert', NULL, 'Public', NULL, NULL, '대한민국정부 1.1', NULL, NULL, NULL),
	(7, '기상청5100100204', '김철수@weather.kma.go.kr', '2015-10-01 04:00:00', 'Actual', 'Alert', NULL, 'Public', NULL, NULL, '대한민국정부 1.1', NULL, NULL, NULL),
	(8, '기상청5100100301', '김철수@weather.kma.go.kr', '2015-10-01 09:30:00', 'Actual', 'Alert', NULL, 'Public', NULL, NULL, '대한민국정부 1.1', NULL, NULL, NULL),
	(9, '기상청5100100401', '김철수@weather.kma.go.kr', '2015-10-01 10:00:00', 'Actual', 'Alert', NULL, 'Public', NULL, NULL, '대한민국정부 1.1', NULL, NULL, NULL),
	(10, '기상청5100100402', '김철수@weather.kma.go.kr', '2015-10-01 10:00:00', 'Actual', 'Alert', NULL, 'Public', NULL, NULL, '대한민국정부 1.1', NULL, NULL, NULL),
	(11, '기상청5100100403', '김철수@weather.kma.go.kr', '2015-10-01 10:00:00', 'Actual', 'Alert', NULL, 'Public', NULL, NULL, '대한민국정부 1.1', NULL, NULL, NULL),
	(12, '기상청5100100404', '김철수@weather.kma.go.kr', '2015-10-01 10:00:00', 'Actual', 'Alert', NULL, 'Public', NULL, NULL, '대한민국정부 1.1', NULL, NULL, NULL),
	(13, '기상청5100100405', '김철수@weather.kma.go.kr', '2015-10-01 10:00:00', 'Actual', 'Alert', NULL, 'Public', NULL, NULL, '대한민국정부 1.1', NULL, NULL, NULL),
	(14, '기상청5100100406', '김철수@weather.kma.go.kr', '2015-10-01 10:00:00', 'Actual', 'Alert', NULL, 'Public', NULL, NULL, '대한민국정부 1.1', NULL, NULL, NULL),
	(15, '기상청5100100407', '김철수@weather.kma.go.kr', '2015-10-01 10:00:00', 'Actual', 'Alert', NULL, 'Public', NULL, NULL, '대한민국정부 1.1', NULL, NULL, NULL),
	(16, '기상청5100100501', '김철수@weather.kma.go.kr', '2015-10-01 10:30:00', 'Actual', 'Alert', NULL, 'Public', NULL, NULL, '대한민국정부 1.1', NULL, NULL, NULL),
	(17, '기상청5100100601', '김철수@weather.kma.go.kr', '2015-10-01 11:00:00', 'Actual', 'Alert', NULL, 'Public', NULL, NULL, '대한민국정부 1.1', NULL, NULL, NULL),
	(18, '기상청5100100602', '김철수@weather.kma.go.kr', '2015-10-01 11:00:00', 'Actual', 'Alert', NULL, 'Public', NULL, NULL, '대한민국정부 1.1', NULL, NULL, NULL),
	(19, '기상청5100100603', '김철수@weather.kma.go.kr', '2015-10-01 11:00:00', 'Actual', 'Alert', NULL, 'Public', NULL, NULL, '대한민국정부 1.1', NULL, NULL, NULL),
	(20, '기상청5100100604', '김철수@weather.kma.go.kr', '2015-10-01 11:00:00', 'Actual', 'Alert', NULL, 'Public', NULL, NULL, '대한민국정부 1.1', NULL, NULL, NULL),
	(21, '기상청5100100701', '김철수@weather.kma.go.kr', '2015-10-01 12:20:00', 'Actual', 'Alert', NULL, 'Public', NULL, NULL, '대한민국정부 1.1', NULL, NULL, NULL),
	(22, '기상청5100100702', '김철수@weather.kma.go.kr', '2015-10-01 12:20:00', 'Actual', 'Alert', NULL, 'Public', NULL, NULL, '대한민국정부 1.1', NULL, NULL, NULL),
	(23, '기상청5100100703', '김철수@weather.kma.go.kr', '2015-10-01 12:20:00', 'Actual', 'Alert', NULL, 'Public', NULL, NULL, '대한민국정부 1.1', NULL, NULL, NULL),
	(24, '기상청5100100704', '김철수@weather.kma.go.kr', '2015-10-01 12:20:00', 'Actual', 'Alert', NULL, 'Public', NULL, NULL, '대한민국정부 1.1', NULL, NULL, NULL),
	(25, '기상청5100100705', '김철수@weather.kma.go.kr', '2015-10-01 12:20:00', 'Actual', 'Alert', NULL, 'Public', NULL, NULL, '대한민국정부 1.1', NULL, NULL, NULL),
	(26, '기상청5100100706', '김철수@weather.kma.go.kr', '2015-10-01 12:20:00', 'Actual', 'Alert', NULL, 'Public', NULL, NULL, '대한민국정부 1.1', NULL, NULL, NULL),
	(27, '기상청5100100707', '김철수@weather.kma.go.kr', '2015-10-01 12:20:00', 'Actual', 'Alert', NULL, 'Public', NULL, NULL, '대한민국정부 1.1', NULL, NULL, NULL),
	(28, '기상청5100100708', '김철수@weather.kma.go.kr', '2015-10-01 12:20:00', 'Actual', 'Alert', NULL, 'Public', NULL, NULL, '대한민국정부 1.1', NULL, NULL, NULL),
	(29, '기상청5100100709', '김철수@weather.kma.go.kr', '2015-10-01 12:20:00', 'Actual', 'Alert', NULL, 'Public', NULL, NULL, '대한민국정부 1.1', NULL, NULL, NULL),
	(30, '기상청5100100710', '김철수@weather.kma.go.kr', '2015-10-01 12:20:00', 'Actual', 'Alert', NULL, 'Public', NULL, NULL, '대한민국정부 1.1', NULL, NULL, NULL),
	(31, '기상청5100100711', '김철수@weather.kma.go.kr', '2015-10-01 12:20:00', 'Actual', 'Alert', NULL, 'Public', NULL, NULL, '대한민국정부 1.1', NULL, NULL, NULL),
	(32, '기상청5100100712', '김철수@weather.kma.go.kr', '2015-10-01 12:20:00', 'Actual', 'Alert', NULL, 'Public', NULL, NULL, '대한민국정부 1.1', NULL, NULL, NULL),
	(33, '기상청5100100801', '김영희@weather.kma.go.kr', '2015-10-01 13:00:00', 'Actual', 'Alert', NULL, 'Public', NULL, NULL, '대한민국정부 1.1', NULL, NULL, NULL),
	(34, '기상청5100100802', '김영희@weather.kma.go.kr', '2015-10-01 13:00:00', 'Actual', 'Alert', NULL, 'Public', NULL, NULL, '대한민국정부 1.1', NULL, NULL, NULL),
	(35, '기상청5100100803', '김영희@weather.kma.go.kr', '2015-10-01 13:00:00', 'Actual', 'Alert', NULL, 'Public', NULL, NULL, '대한민국정부 1.1', NULL, NULL, NULL),
	(36, '기상청5100100901', '김철수@weather.kma.go.kr', '2015-10-01 15:00:00', 'Actual', 'Alert', NULL, 'Public', NULL, NULL, '대한민국정부 1.1', NULL, NULL, NULL),
	(37, '기상청5100100902', '김철수@weather.kma.go.kr', '2015-10-01 15:00:00', 'Actual', 'Alert', NULL, 'Public', NULL, NULL, '대한민국정부 1.1', NULL, NULL, NULL),
	(38, '기상청5100100903', '김철수@weather.kma.go.kr', '2015-10-01 15:00:00', 'Actual', 'Alert', NULL, 'Public', NULL, NULL, '대한민국정부 1.1', NULL, NULL, NULL),
	(39, '기상청5100101001', '김영희@weather.kma.go.kr', '2015-10-01 16:00:00', 'Actual', 'Alert', NULL, 'Public', NULL, NULL, '대한민국정부 1.1', NULL, NULL, NULL),
	(40, '기상청5100101101', '김영희@weather.kma.go.kr', '2015-10-01 17:00:00', 'Actual', 'Alert', NULL, 'Public', NULL, NULL, '대한민국정부 1.1', NULL, NULL, NULL),
	(41, '기상청5100101102', '김영희@weather.kma.go.kr', '2015-10-01 19:00:00', 'Actual', 'Alert', NULL, 'Public', NULL, NULL, '대한민국정부 1.1', NULL, NULL, NULL),
	(42, '기상청5100101201', '김영희@weather.kma.go.kr', '2015-10-01 19:00:00', 'Actual', 'Alert', NULL, 'Public', NULL, NULL, '대한민국정부 1.1', NULL, NULL, NULL),
	(43, '기상청5100101301', '김철수@weather.kma.go.kr', '2015-10-01 19:30:00', 'Actual', 'Alert', NULL, 'Public', NULL, NULL, '대한민국정부 1.1', NULL, NULL, NULL),
	(44, '기상청5100101401', '김철수@weather.kma.go.kr', '2015-10-01 20:00:00', 'Actual', 'Alert', NULL, 'Public', NULL, NULL, '대한민국정부 1.1', NULL, NULL, NULL),
	(45, '기상청5100101501', '김철수@weather.kma.go.kr', '2015-10-01 21:00:00', 'Actual', 'Alert', NULL, 'Public', NULL, NULL, '대한민국정부 1.1', NULL, NULL, NULL),
	(46, '기상청5100101502', '김철수@weather.kma.go.kr', '2015-10-01 21:00:00', 'Actual', 'Alert', NULL, 'Public', NULL, NULL, '대한민국정부 1.1', NULL, NULL, NULL),
	(47, '기상청5100101601', '김철수@weather.kma.go.kr', '2015-10-01 22:30:00', 'Actual', 'Alert', NULL, 'Public', NULL, NULL, '대한민국정부 1.1', NULL, NULL, NULL),
	(48, '기상청5100101602', '김철수@weather.kma.go.kr', '2015-10-01 22:30:00', 'Actual', 'Alert', NULL, 'Public', NULL, NULL, '대한민국정부 1.1', NULL, NULL, NULL),
	(49, '기상청5100101603', '김철수@weather.kma.go.kr', '2015-10-01 22:30:00', 'Actual', 'Alert', NULL, 'Public', NULL, NULL, '대한민국정부 1.1', NULL, NULL, NULL),
	(50, '기상청5100101604', '김철수@weather.kma.go.kr', '2015-10-01 22:30:00', 'Actual', 'Alert', NULL, 'Public', NULL, NULL, '대한민국정부 1.1', NULL, NULL, NULL),
	(51, '기상청5100101605', '김철수@weather.kma.go.kr', '2015-10-01 22:30:00', 'Actual', 'Alert', NULL, 'Public', NULL, NULL, '대한민국정부 1.1', NULL, NULL, NULL),
	(52, '기상청5100101701', '김철수@weather.kma.go.kr', '2015-10-02 03:30:00', 'Actual', 'Alert', NULL, 'Public', NULL, NULL, '대한민국정부 1.1', NULL, NULL, NULL),
	(53, '기상청5100101702', '김철수@weather.kma.go.kr', '2015-10-02 03:30:00', 'Actual', 'Alert', NULL, 'Public', NULL, NULL, '대한민국정부 1.1', NULL, NULL, NULL),
	(54, '기상청5100101703', '김철수@weather.kma.go.kr', '2015-10-02 03:30:00', 'Actual', 'Alert', NULL, 'Public', NULL, NULL, '대한민국정부 1.1', NULL, NULL, NULL),
	(55, '기상청5100101704', '김철수@weather.kma.go.kr', '2015-10-02 03:30:00', 'Actual', 'Alert', NULL, 'Public', NULL, NULL, '대한민국정부 1.1', NULL, NULL, NULL),
	(56, '기상청5100101705', '김철수@weather.kma.go.kr', '2015-10-02 03:30:00', 'Actual', 'Alert', NULL, 'Public', NULL, NULL, '대한민국정부 1.1', NULL, NULL, NULL),
	(57, '기상청5100101706', '김철수@weather.kma.go.kr', '2015-10-02 03:30:00', 'Actual', 'Alert', NULL, 'Public', NULL, NULL, '대한민국정부 1.1', NULL, NULL, NULL),
	(58, '기상청5100101801', '김철수@weather.kma.go.kr', '2015-10-02 07:00:00', 'Actual', 'Alert', NULL, 'Public', NULL, NULL, '대한민국정부 1.1', NULL, NULL, NULL),
	(59, '기상청5100101802', '김철수@weather.kma.go.kr', '2015-10-02 07:00:00', 'Actual', 'Alert', NULL, 'Public', NULL, NULL, '대한민국정부 1.1', NULL, NULL, NULL),
	(60, '기상청5100101803', '김철수@weather.kma.go.kr', '2015-10-02 07:00:00', 'Actual', 'Alert', NULL, 'Public', NULL, NULL, '대한민국정부 1.1', NULL, NULL, NULL),
	(61, '기상청5100101804', '김철수@weather.kma.go.kr', '2015-10-02 07:00:00', 'Actual', 'Alert', NULL, 'Public', NULL, NULL, '대한민국정부 1.1', NULL, NULL, NULL),
	(62, '기상청5100101805', '김철수@weather.kma.go.kr', '2015-10-02 07:00:00', 'Actual', 'Alert', NULL, 'Public', NULL, NULL, '대한민국정부 1.1', NULL, NULL, NULL),
	(63, '기상청5100101901', '김영희@weather.kma.go.kr', '2015-10-02 09:00:00', 'Actual', 'Alert', NULL, 'Public', NULL, NULL, '대한민국정부 1.1', NULL, NULL, NULL),
	(64, '기상청5100101902', '김영희@weather.kma.go.kr', '2015-10-02 09:00:00', 'Actual', 'Alert', NULL, 'Public', NULL, NULL, '대한민국정부 1.1', NULL, NULL, NULL),
	(65, '기상청5100101903', '김영희@weather.kma.go.kr', '2015-10-02 09:00:00', 'Actual', 'Alert', NULL, 'Public', NULL, NULL, '대한민국정부 1.1', NULL, NULL, NULL),
	(66, '기상청5100102001', '김영희@weather.kma.go.kr', '2015-10-02 17:00:00', 'Actual', 'Alert', NULL, 'Public', NULL, NULL, '대한민국정부 1.1', NULL, NULL, NULL),
	(67, '기상청5100102002', '김영희@weather.kma.go.kr', '2015-10-02 17:00:00', 'Actual', 'Alert', NULL, 'Public', NULL, NULL, '대한민국정부 1.1', NULL, NULL, NULL),
	(68, '기상청5100102101', '김영희@weather.kma.go.kr', '2015-10-03 03:00:00', 'Actual', 'Alert', NULL, 'Public', NULL, NULL, '대한민국정부 1.1', NULL, NULL, NULL),
	(69, '기상청5100102201', '김영희@weather.kma.go.kr', '2015-10-03 07:00:00', 'Actual', 'Alert', NULL, 'Public', NULL, NULL, '대한민국정부 1.1', NULL, NULL, NULL),
	(70, '기상청5100102301', '변윤관@weather.kma.go.kr', '2015-10-04 16:00:00', 'Actual', 'Alert', NULL, 'Public', NULL, NULL, '대한민국정부 1.1', NULL, NULL, NULL),
	(71, '기상청0000000001', '#NAME#@#DOMAIN#', '1900-01-01 00:00:00', 'Draft', 'Alert', NULL, 'Public', NULL, NULL, '대한민국정부 1.1', NULL, NULL, NULL),
	(72, '기상청0000000002', '#NAME#@#DOMAIN#', '1900-01-01 00:00:00', 'Draft', 'Alert', NULL, 'Public', NULL, NULL, '대한민국정부 1.1', NULL, NULL, NULL),
	(77, '국민안전처511100001', '김현수@mpss.go.kr', '2015-11-10 10:34:19', 'Actual', 'Alert', NULL, 'Public', NULL, NULL, '대한민국정부 1.1', NULL, NULL, NULL),
	(78, '국민안전처0000000001', '김철수@mpss.go.kr', '2015-11-30 00:00:00', 'System', 'Alert', NULL, 'Private', NULL, NULL, NULL, NULL, NULL, NULL),
	(79, '국민안전처0000000001', '김철수@mpss.go.kr', '2015-11-30 00:00:00', 'System', 'Alert', NULL, 'Private', NULL, NULL, NULL, NULL, NULL, NULL),
	(80, '국민안전처1200000011', '김철수@mpss.go.kr', '2015-11-30 00:00:00', 'System', 'Alert', NULL, 'Private', NULL, NULL, NULL, NULL, NULL, NULL),
	(81, '국민안전처1200000011', '김철수@mpss.go.kr', '2015-11-30 00:00:00', 'System', 'Alert', NULL, 'Private', NULL, NULL, NULL, NULL, NULL, NULL),
	(82, '국민안전처1200000011', '김철수@mpss.go.kr', '2015-11-30 00:00:00', 'System', 'Alert', NULL, 'Private', NULL, NULL, NULL, NULL, NULL, NULL),
	(83, '국민안전처1200000011', '김철수@mpss.go.kr', '2015-11-30 00:00:00', 'System', 'Alert', NULL, 'Private', NULL, NULL, NULL, NULL, NULL, NULL),
	(84, '국민안전처1200000011', '김철수@mpss.go.kr', '2015-11-30 00:00:00', 'System', 'Alert', NULL, 'Private', NULL, NULL, NULL, NULL, NULL, NULL),
	(85, '국민안전처1200000011', '김철수@mpss.go.kr', '2015-11-30 12:54:35', 'System', 'Alert', NULL, 'Private', NULL, NULL, NULL, NULL, NULL, NULL),
	(86, '국민안전처1200000011', '김철수@mpss.go.kr', '2015-11-30 12:57:39', 'System', 'Alert', NULL, 'Private', NULL, NULL, NULL, NULL, NULL, NULL);
/*!40000 ALTER TABLE `alert` ENABLE KEYS */;


-- Dumping structure for table capkorean.area
CREATE TABLE IF NOT EXISTS `area` (
  `area_eid` int(11) unsigned NOT NULL AUTO_INCREMENT,
  `areaDesc` varchar(200) NOT NULL,
  `polygon` varchar(1000) DEFAULT NULL,
  `circle` varchar(1000) DEFAULT NULL,
  `geocode` varchar(1000) DEFAULT NULL,
  `altitude` varchar(1000) DEFAULT NULL,
  `ceiling` varchar(1000) DEFAULT NULL,
  `info_eid` int(11) unsigned NOT NULL,
  PRIMARY KEY (`area_eid`),
  KEY `FK_area_info` (`info_eid`),
  CONSTRAINT `FK_area_info` FOREIGN KEY (`info_eid`) REFERENCES `info` (`info_eid`)
) ENGINE=InnoDB AUTO_INCREMENT=306 DEFAULT CHARSET=utf8;

-- Dumping data for table capkorean.area: ~286 rows (approximately)
/*!40000 ALTER TABLE `area` DISABLE KEYS */;
INSERT INTO `area` (`area_eid`, `areaDesc`, `polygon`, `circle`, `geocode`, `altitude`, `ceiling`, `info_eid`) VALUES
	(1, '제주특별자치도', NULL, NULL, '{"valueName":"행정구역코드","value":"5000000000"}', NULL, NULL, 1),
	(2, '전라남도 진도군', NULL, NULL, '{"valueName":"행정구역코드","value":"4690000000"}', NULL, NULL, 2),
	(3, '전라남도 완도군', NULL, NULL, '{"valueName":"행정구역코드","value":"4689000000"}', NULL, NULL, 2),
	(4, '전라남도 여수시', NULL, NULL, '{"valueName":"행정구역코드","value":"4613000000"}', NULL, NULL, 2),
	(5, '전라남도 고흥군', NULL, NULL, '{"valueName":"행정구역코드","value":"4677000000"}', NULL, NULL, 2),
	(6, '전라남도 진도군', NULL, NULL, '{"valueName":"행정구역코드","value":"4690000000"}', NULL, NULL, 3),
	(7, '전라남도 완도군', NULL, NULL, '{"valueName":"행정구역코드","value":"4689000000"}', NULL, NULL, 3),
	(8, '전라남도 여수시', NULL, NULL, '{"valueName":"행정구역코드","value":"4613000000"}', NULL, NULL, 3),
	(9, '전라남도 고흥군', NULL, NULL, '{"valueName":"행정구역코드","value":"4677000000"}', NULL, NULL, 3),
	(10, '제주특별자치도', NULL, NULL, '{"valueName":"행정구역코드","value":"4677000000"}', NULL, NULL, 4),
	(11, '제주도 산간', NULL, NULL, NULL, NULL, NULL, 5),
	(12, '남해동부먼바다', NULL, NULL, NULL, NULL, NULL, 6),
	(13, '남해동부먼바다', NULL, NULL, NULL, NULL, NULL, 7),
	(14, '남해동부앞바다', NULL, NULL, NULL, NULL, NULL, 8),
	(15, '전라남도 장흥군', NULL, NULL, '{"valueName":"행정구역코드","value":"4680000000"}', NULL, NULL, 9),
	(16, '전라남도 진도군', NULL, NULL, '{"valueName":"행정구역코드","value":"4690000000"}', NULL, NULL, 9),
	(17, '전라남도 완도군', NULL, NULL, '{"valueName":"행정구역코드","value":"4689000000"}', NULL, NULL, 9),
	(18, '전라남도 해남군', NULL, NULL, '{"valueName":"행정구역코드","value":"4682000000"}', NULL, NULL, 9),
	(19, '전라남도 강진군', NULL, NULL, '{"valueName":"행정구역코드","value":"4680000000"}', NULL, NULL, 9),
	(20, '전라남도 순천시', NULL, NULL, '{"valueName":"행정구역코드","value":"4615000000"}', NULL, NULL, 9),
	(21, '전라남도 광양시', NULL, NULL, '{"valueName":"행정구역코드","value":"4623000000"}', NULL, NULL, 9),
	(22, '전라남도 여수시', NULL, NULL, '{"valueName":"행정구역코드","value":"4613000000"}', NULL, NULL, 9),
	(23, '전라남도 보성군', NULL, NULL, '{"valueName":"행정구역코드","value":"4678000000"}', NULL, NULL, 9),
	(24, '전라남도 고흥군', NULL, NULL, '{"valueName":"행정구역코드","value":"4677000000"}', NULL, NULL, 9),
	(25, '울산광역시', NULL, NULL, '{"valueName":"행정구역코드","value":"3100000000"}', NULL, NULL, 10),
	(26, '부산광역시', NULL, NULL, '{"valueName":"행정구역코드","value":"2638000000"}', NULL, NULL, 10),
	(27, '경상남도 남해군', NULL, NULL, '{"valueName":"행정구역코드","value":"4884000000"}', NULL, NULL, 10),
	(28, '경상남도 고성군', NULL, NULL, '{"valueName":"행정구역코드","value":"4882000000"}', NULL, NULL, 10),
	(29, '경상남도 거제시', NULL, NULL, '{"valueName":"행정구역코드","value":"4831000000"}', NULL, NULL, 10),
	(30, '경상남도 사천시', NULL, NULL, '{"valueName":"행정구역코드","value":"4824000000"}', NULL, NULL, 10),
	(31, '경상남도 통영시', NULL, NULL, '{"valueName":"행정구역코드","value":"4822000000"}', NULL, NULL, 10),
	(32, '경상남도 창원시', NULL, NULL, '{"valueName":"행정구역코드","value":"4812000000"}', NULL, NULL, 10),
	(33, '동해남부앞바다(울산앞바다)', NULL, NULL, NULL, NULL, NULL, 11),
	(34, '동해남부먼바다', NULL, NULL, NULL, NULL, NULL, 12),
	(35, '동해남부앞바다(경북북부앞바다, 경북남부앞바다)', NULL, NULL, NULL, NULL, NULL, 13),
	(36, '서해남부먼바다', NULL, NULL, NULL, NULL, NULL, 14),
	(37, '서해중부먼바다', NULL, NULL, NULL, NULL, NULL, 15),
	(38, '경상남도 거제시', NULL, NULL, '{"valueName":"행정구역코드","value":"4831000000"}', NULL, NULL, 16),
	(39, '부산광역시', NULL, NULL, '{"valueName":"행정구역코드","value":"2638000000"}', NULL, NULL, 17),
	(40, '서해5도', NULL, NULL, NULL, NULL, NULL, 18),
	(41, '울릉도.독도', NULL, NULL, '{"valueName":"행정구역코드","value":"4794000000"}', NULL, NULL, 19),
	(42, '동해중부먼바다', NULL, NULL, NULL, NULL, NULL, 20),
	(43, '경상북도 경주시', NULL, NULL, '{"valueName":"행정구역코드","value":"4713000000"}', NULL, NULL, 21),
	(44, '경상북도 포항시', NULL, NULL, '{"valueName":"행정구역코드","value":"4711000000"}', NULL, NULL, 21),
	(45, '경상북도 영덕군', NULL, NULL, '{"valueName":"행정구역코드","value":"4777000000"}', NULL, NULL, 21),
	(46, '경상남도 양산시', NULL, NULL, '{"valueName":"행정구역코드","value":"4833000000"}', NULL, NULL, 22),
	(47, '경상남도 거창군', NULL, NULL, '{"valueName":"행정구역코드","value":"4777000000"}', NULL, NULL, 22),
	(48, '경상남도 함양군', NULL, NULL, '{"valueName":"행정구역코드","value":"4888000000"}', NULL, NULL, 22),
	(49, '경상남도 산청군', NULL, NULL, '{"valueName":"행정구역코드","value":"4886000000"}', NULL, NULL, 22),
	(50, '경상남도 김해시', NULL, NULL, '{"valueName":"행정구역코드","value":"4825000000"}', NULL, NULL, 22),
	(51, '광주광역시', NULL, NULL, '{"valueName":"행정구역코드","value":"2900000000"}', NULL, NULL, 23),
	(52, '인천광역시', NULL, NULL, '{"valueName":"행정구역코드","value":"2800000000"}', NULL, NULL, 23),
	(53, '전라남도 무안군', NULL, NULL, '{"valueName":"행정구역코드","value":"4684000000"}', NULL, NULL, 23),
	(54, '전라남도 나주시', NULL, NULL, '{"valueName":"행정구역코드","value":"4617000000"}', NULL, NULL, 23),
	(55, '전라남도 신안군(흑산면제외)', NULL, NULL, '{"valueName":"행정구역코드","value":"4691000000"}', NULL, NULL, 23),
	(56, '전라남도 목포시', NULL, NULL, '{"valueName":"행정구역코드","value":"4611000000"}', NULL, NULL, 23),
	(57, '전라남도 영광군', NULL, NULL, '{"valueName":"행정구역코드","value":"4687000000"}', NULL, NULL, 23),
	(58, '전라남도 함평군', NULL, NULL, '{"valueName":"행정구역코드","value":"4686000000"}', NULL, NULL, 23),
	(59, '전라남도 영암군', NULL, NULL, '{"valueName":"행정구역코드","value":"4683000000"}', NULL, NULL, 23),
	(60, '전라남도 장성군', NULL, NULL, '{"valueName":"행정구역코드","value":"4688000000"}', NULL, NULL, 23),
	(61, '경기도 안산시', NULL, NULL, '{"valueName":"행정구역코드","value":"4127000000"}', NULL, NULL, 23),
	(62, '경기도 화성시', NULL, NULL, '{"valueName":"행정구역코드","value":"4159000000"}', NULL, NULL, 23),
	(63, '경기도 평택시', NULL, NULL, '{"valueName":"행정구역코드","value":"4122000000"}', NULL, NULL, 23),
	(64, '경기도 김포시', NULL, NULL, '{"valueName":"행정구역코드","value":"4157000000"}', NULL, NULL, 23),
	(65, '경기도 시흥시', NULL, NULL, '{"valueName":"행정구역코드","value":"4139000000"}', NULL, NULL, 23),
	(66, '전라북도 김제시', NULL, NULL, '{"valueName":"행정구역코드","value":"4521000000"}', NULL, NULL, 23),
	(67, '전라북도 군산시', NULL, NULL, '{"valueName":"행정구역코드","value":"4513000000"}', NULL, NULL, 23),
	(68, '전라북도 부안군', NULL, NULL, '{"valueName":"행정구역코드","value":"4580000000"}', NULL, NULL, 23),
	(69, '전라북도 고창군', NULL, NULL, '{"valueName":"행정구역코드","value":"4579000000"}', NULL, NULL, 23),
	(70, '충청남도 당진시', NULL, NULL, '{"valueName":"행정구역코드","value":"4483000000"}', NULL, NULL, 24),
	(71, '충청남도 서천군', NULL, NULL, '{"valueName":"행정구역코드","value":"4477000000"}', NULL, NULL, 24),
	(72, '충청남도 홍성군', NULL, NULL, '{"valueName":"행정구역코드","value":"4480000000"}', NULL, NULL, 24),
	(73, '충청남도 보령시', NULL, NULL, '{"valueName":"행정구역코드","value":"4418000000"}', NULL, NULL, 24),
	(74, '충청남도 서산시', NULL, NULL, '{"valueName":"행정구역코드","value":"4421000000"}', NULL, NULL, 24),
	(75, '충청남도 태안군', NULL, NULL, '{"valueName":"행정구역코드","value":"4482500000"}', NULL, NULL, 24),
	(76, '충청남도 예산군', NULL, NULL, '{"valueName":"행정구역코드","value":"4481000000"}', NULL, NULL, 24),
	(77, '충청남도 부여군', NULL, NULL, '{"valueName":"행정구역코드","value":"4476000000"}', NULL, NULL, 24),
	(78, '서해남부앞바다', NULL, NULL, NULL, NULL, NULL, 25),
	(79, '서해중부앞바다(충남남부앞바다, 충남북부앞바다)', NULL, NULL, NULL, NULL, NULL, 26),
	(80, '서해중부앞바다(인천·경기남부앞바다, 인천·경기북부앞바다)', NULL, NULL, NULL, NULL, NULL, 27),
	(81, '전라북도 김제시', NULL, NULL, '{"valueName":"행정구역코드","value":"4521000000"}', NULL, NULL, 28),
	(82, '전라북도 군산시', NULL, NULL, '{"valueName":"행정구역코드","value":"4513000000"}', NULL, NULL, 28),
	(83, '전라북도 부안군', NULL, NULL, '{"valueName":"행정구역코드","value":"4580000000"}', NULL, NULL, 28),
	(84, '전라북도 고창군', NULL, NULL, '{"valueName":"행정구역코드","value":"4579000000"}', NULL, NULL, 28),
	(85, '전라남도 무안군', NULL, NULL, '{"valueName":"행정구역코드","value":"4684000000"}', NULL, NULL, 29),
	(86, '전라남도 목포시', NULL, NULL, '{"valueName":"행정구역코드","value":"4611000000"}', NULL, NULL, 29),
	(87, '전라남도 영광군', NULL, NULL, '{"valueName":"행정구역코드","value":"4687000000"}', NULL, NULL, 29),
	(88, '전라남도 함평군', NULL, NULL, '{"valueName":"행정구역코드","value":"4686000000"}', NULL, NULL, 29),
	(89, '충청남도 당진시', NULL, NULL, '{"valueName":"행정구역코드","value":"4483000000"}', NULL, NULL, 30),
	(90, '충청남도 서천군', NULL, NULL, '{"valueName":"행정구역코드","value":"4477000000"}', NULL, NULL, 30),
	(91, '충청남도 홍성군', NULL, NULL, '{"valueName":"행정구역코드","value":"4480000000"}', NULL, NULL, 30),
	(92, '충청남도 보령시', NULL, NULL, '{"valueName":"행정구역코드","value":"4418000000"}', NULL, NULL, 30),
	(93, '충청남도 서산시', NULL, NULL, '{"valueName":"행정구역코드","value":"4421000000"}', NULL, NULL, 30),
	(94, '충청남도 태안군', NULL, NULL, '{"valueName":"행정구역코드","value":"4482500000"}', NULL, NULL, 30),
	(95, '서울특별시', NULL, NULL, '{"valueName":"행정구역코드","value":"1100000000"}', NULL, NULL, 31),
	(96, '경기도 군포시', NULL, NULL, '{"valueName":"행정구역코드","value":"4141000000"}', NULL, NULL, 31),
	(97, '경기도 성남시', NULL, NULL, '{"valueName":"행정구역코드","value":"4113000000"}', NULL, NULL, 31),
	(98, '경기도 광명시', NULL, NULL, '{"valueName":"행정구역코드","value":"4121000000"}', NULL, NULL, 31),
	(99, '경기도 광주시', NULL, NULL, '{"valueName":"행정구역코드","value":"4161000000"}', NULL, NULL, 31),
	(100, '경기도 안성시', NULL, NULL, '{"valueName":"행정구역코드","value":"4155000000"}', NULL, NULL, 31),
	(101, '경기도 이천시', NULL, NULL, '{"valueName":"행정구역코드","value":"4150000000"}', NULL, NULL, 31),
	(102, '경기도 용인시', NULL, NULL, '{"valueName":"행정구역코드","value":"4146000000"}', NULL, NULL, 31),
	(103, '경기도 하남시', NULL, NULL, '{"valueName":"행정구역코드","value":"4145000000"}', NULL, NULL, 31),
	(104, '경기도 의왕시', NULL, NULL, '{"valueName":"행정구역코드","value":"4143000000"}', NULL, NULL, 31),
	(105, '경기도 오산시', NULL, NULL, '{"valueName":"행정구역코드","value":"4137000000"}', NULL, NULL, 31),
	(106, '경기도 남양주시', NULL, NULL, '{"valueName":"행정구역코드","value":"4136000000"}', NULL, NULL, 31),
	(107, '경기도 구리시', NULL, NULL, '{"valueName":"행정구역코드","value":"4131000000"}', NULL, NULL, 31),
	(108, '경기도 안양시', NULL, NULL, '{"valueName":"행정구역코드","value":"1100000000"}', NULL, NULL, 31),
	(109, '경기도 수원시', NULL, NULL, '{"valueName":"행정구역코드","value":"1100000000"}', NULL, NULL, 31),
	(110, '경기도 파주시', NULL, NULL, '{"valueName":"행정구역코드","value":"1100000000"}', NULL, NULL, 31),
	(111, '경기도 의정부시', NULL, NULL, '{"valueName":"행정구역코드","value":"1100000000"}', NULL, NULL, 31),
	(112, '경기도 양주시', NULL, NULL, '{"valueName":"행정구역코드","value":"1100000000"}', NULL, NULL, 31),
	(113, '경기도 고양시', NULL, NULL, '{"valueName":"행정구역코드","value":"1100000000"}', NULL, NULL, 31),
	(114, '경기도 동두천시', NULL, NULL, '{"valueName":"행정구역코드","value":"1100000000"}', NULL, NULL, 31),
	(115, '경기도 부천시', NULL, NULL, '{"valueName":"행정구역코드","value":"1100000000"}', NULL, NULL, 31),
	(116, '경기도 과천시', NULL, NULL, '{"valueName":"행정구역코드","value":"1100000000"}', NULL, NULL, 31),
	(117, '인천광역시(옹진군 제외)', NULL, NULL, '{"valueName":"행정구역코드","value":"2800000000"}', NULL, NULL, 32),
	(118, '경기도 안산시', NULL, NULL, '{"valueName":"행정구역코드","value":"4127000000"}', NULL, NULL, 32),
	(119, '경기도 화성시', NULL, NULL, '{"valueName":"행정구역코드","value":"4159000000"}', NULL, NULL, 32),
	(120, '경기도 평택시', NULL, NULL, '{"valueName":"행정구역코드","value":"4122000000"}', NULL, NULL, 32),
	(121, '경기도 김포시', NULL, NULL, '{"valueName":"행정구역코드","value":"4157000000"}', NULL, NULL, 32),
	(122, '경기도 시흥시', NULL, NULL, '{"valueName":"행정구역코드","value":"4139000000"}', NULL, NULL, 32),
	(123, '부산광역시', NULL, NULL, '{"valueName":"행정구역코드","value":"2638000000"}', NULL, NULL, 33),
	(124, '경상남도 거제시', NULL, NULL, '{"valueName":"행정구역코드","value":"2638000000"}', NULL, NULL, 33),
	(125, '흑산도', NULL, NULL, NULL, NULL, NULL, 33),
	(126, '홍도', NULL, NULL, NULL, NULL, NULL, 33),
	(127, '전라남도 진도군', NULL, NULL, '{"valueName":"행정구역코드","value":"4690000000"}', NULL, NULL, 33),
	(128, '전라남도 완도군', NULL, NULL, '{"valueName":"행정구역코드","value":"4689000000"}', NULL, NULL, 33),
	(129, '전라남도 여수시', NULL, NULL, '{"valueName":"행정구역코드","value":"4613000000"}', NULL, NULL, 33),
	(130, '전라남도 고흥군', NULL, NULL, '{"valueName":"행정구역코드","value":"4677000000"}', NULL, NULL, 33),
	(131, '경상남도 통영시', NULL, NULL, '{"valueName":"행정구역코드","value":"4822000000"}', NULL, NULL, 34),
	(132, '전라남도 화순군', NULL, NULL, '{"valueName":"행정구역코드","value":"4679000000"}', NULL, NULL, 35),
	(133, '전라남도 구례군', NULL, NULL, '{"valueName":"행정구역코드","value":"4673000000"}', NULL, NULL, 35),
	(134, '전라남도 곡성군', NULL, NULL, '{"valueName":"행정구역코드","value":"4672000000"}', NULL, NULL, 35),
	(135, '전라남도 담양군', NULL, NULL, '{"valueName":"행정구역코드","value":"4671000000"}', NULL, NULL, 35),
	(136, '전라북도 순창군', NULL, NULL, '{"valueName":"행정구역코드","value":"4577000000"}', NULL, NULL, 35),
	(137, '전라북도 남원시', NULL, NULL, '{"valueName":"행정구역코드","value":"4519000000"}', NULL, NULL, 35),
	(138, '전라북도 무주군', NULL, NULL, '{"valueName":"행정구역코드","value":"4573000000"}', NULL, NULL, 35),
	(139, '전라북도 장수군', NULL, NULL, '{"valueName":"행정구역코드","value":"4574000000"}', NULL, NULL, 35),
	(140, '충청북도 제천시', NULL, NULL, '{"valueName":"행정구역코드","value":"4315000000"}', NULL, NULL, 36),
	(141, '충청북도 단양군', NULL, NULL, '{"valueName":"행정구역코드","value":"4380000000"}', NULL, NULL, 36),
	(142, '충청북도 음성군', NULL, NULL, '{"valueName":"행정구역코드","value":"4315000000"}', NULL, NULL, 36),
	(143, '충청북도 충주시', NULL, NULL, '{"valueName":"행정구역코드","value":"4313000000"}', NULL, NULL, 36),
	(144, '충청북도 영동군', NULL, NULL, '{"valueName":"행정구역코드","value":"4374000000"}', NULL, NULL, 36),
	(145, '충청북도 괴산군', NULL, NULL, '{"valueName":"행정구역코드","value":"4376000000}', NULL, NULL, 36),
	(146, '충청북도 보은군', NULL, NULL, '{"valueName":"행정구역코드","value":"4372000000"}', NULL, NULL, 36),
	(147, '강원도 양구군산간', NULL, NULL, NULL, NULL, NULL, 37),
	(148, '강원도 평창군산간', NULL, NULL, NULL, NULL, NULL, 37),
	(149, '강원도 강릉시산간', NULL, NULL, NULL, NULL, NULL, 37),
	(150, '경상북도 봉화군산간', NULL, NULL, NULL, NULL, NULL, 37),
	(151, '경상북도 문경시', NULL, NULL, '{"valueName":"행정구역코드","value":"4728000000"}', NULL, NULL, 37),
	(152, '경상북도 영주시', NULL, NULL, '{"valueName":"행정구역코드","value":"4721000000"}', NULL, NULL, 37),
	(153, '경상북도 예천군', NULL, NULL, '{"valueName":"행정구역코드","value":"4790000000"}', NULL, NULL, 37),
	(154, '경상북도 영양군산간', NULL, NULL, NULL, NULL, NULL, 37),
	(155, '강원도 양구군산간', NULL, NULL, NULL, NULL, NULL, 38),
	(156, '강원도 홍천시산간', NULL, NULL, NULL, NULL, NULL, 38),
	(157, '강원도 양양군산간', NULL, NULL, NULL, NULL, NULL, 38),
	(158, '강원도 인제군산간', NULL, NULL, NULL, NULL, NULL, 38),
	(159, '강원도 고성군산간', NULL, NULL, NULL, NULL, NULL, 38),
	(160, '강원도 속초시산간', NULL, NULL, NULL, NULL, NULL, 38),
	(161, '강원도 정선군평지', NULL, NULL, NULL, NULL, NULL, 38),
	(162, '강원도 동해시산간', NULL, NULL, NULL, NULL, NULL, 38),
	(163, '강원도 삼척시산간', NULL, NULL, NULL, NULL, NULL, 38),
	(164, '강원도 정선군산간', NULL, NULL, NULL, NULL, NULL, 38),
	(165, '강원도 태백시', NULL, NULL, '{"valueName":"행정구역코드","value":"4219000000"}', NULL, NULL, 38),
	(166, '부산광역시', NULL, NULL, '{"valueName":"행정구역코드","value":"2638000000"}', NULL, NULL, 39),
	(167, '강원도 삼척시평지', NULL, NULL, NULL, NULL, NULL, 40),
	(168, '강원도 동해시평지', NULL, NULL, NULL, NULL, NULL, 40),
	(169, '강원도 강릉시평지', NULL, NULL, NULL, NULL, NULL, 40),
	(170, '강원도 양양군평지', NULL, NULL, NULL, NULL, NULL, 40),
	(171, '강원도 고성군평지', NULL, NULL, NULL, NULL, NULL, 40),
	(172, '강원도 속초시평지', NULL, NULL, NULL, NULL, NULL, 40),
	(173, '동해중부앞바다', NULL, NULL, NULL, NULL, NULL, 41),
	(174, '전라남도 무안군', NULL, NULL, '{"valueName":"행정구역코드","value":"4684000000"}', NULL, NULL, 42),
	(175, '전라남도 목포시', NULL, NULL, '{"valueName":"행정구역코드","value":"4611000000"}', NULL, NULL, 42),
	(176, '전라남도 영광군', NULL, NULL, '{"valueName":"행정구역코드","value":"4687000000"}', NULL, NULL, 42),
	(177, '전라남도 함평군', NULL, NULL, '{"valueName":"행정구역코드","value":"4686000000"}', NULL, NULL, 42),
	(178, '충청남도 당진시', NULL, NULL, '{"valueName":"행정구역코드","value":"4483000000"}', NULL, NULL, 42),
	(179, '충청남도 서천군', NULL, NULL, '{"valueName":"행정구역코드","value":"4477000000"}', NULL, NULL, 42),
	(180, '충청남도 홍성군', NULL, NULL, '{"valueName":"행정구역코드","value":"4480000000"}', NULL, NULL, 42),
	(181, '충청남도 보령시', NULL, NULL, '{"valueName":"행정구역코드","value":"4418000000"}', NULL, NULL, 42),
	(182, '충청남도 서산시', NULL, NULL, '{"valueName":"행정구역코드","value":"4421000000"}', NULL, NULL, 42),
	(183, '충청남도 태안군', NULL, NULL, '{"valueName":"행정구역코드","value":"4482500000"}', NULL, NULL, 42),
	(184, '전라남도 김제시', NULL, NULL, '{"valueName":"행정구역코드","value":"4521000000"}', NULL, NULL, 42),
	(185, '전라남도 군산시', NULL, NULL, '{"valueName":"행정구역코드","value":"4513000000"}', NULL, NULL, 42),
	(186, '전라남도 부안군', NULL, NULL, '{"valueName":"행정구역코드","value":"4580000000"}', NULL, NULL, 42),
	(187, '전라남도 고창군', NULL, NULL, '{"valueName":"행정구역코드","value":"4579000000"}', NULL, NULL, 42),
	(188, '인천광역시(옹진군 제외)', NULL, NULL, NULL, NULL, NULL, 43),
	(189, '경기도 안산시', NULL, NULL, '{"valueName":"행정구역코드","value":"4127000000"}', NULL, NULL, 43),
	(190, '경기도 화성시', NULL, NULL, '{"valueName":"행정구역코드","value":"4159000000"}', NULL, NULL, 43),
	(191, '경기도 평택시', NULL, NULL, '{"valueName":"행정구역코드","value":"4122000000"}', NULL, NULL, 43),
	(192, '경기도 김포시', NULL, NULL, '{"valueName":"행정구역코드","value":"4157000000"}', NULL, NULL, 43),
	(193, '경기도 시흥시', NULL, NULL, '{"valueName":"행정구역코드","value":"4139000000"}', NULL, NULL, 43),
	(194, '서해5도', NULL, NULL, NULL, NULL, NULL, 44),
	(195, '흑산도', NULL, NULL, NULL, NULL, NULL, 45),
	(196, '홍도', NULL, NULL, NULL, NULL, NULL, 45),
	(197, '서해중부먼바다', NULL, NULL, NULL, NULL, NULL, 46),
	(198, '서해남부먼바다', NULL, NULL, NULL, NULL, NULL, 46),
	(199, '부산광역시', NULL, NULL, '{"valueName":"행정구역코드","value":"2638000000"}', NULL, NULL, 47),
	(200, '경상남도 통영시', NULL, NULL, '{"valueName":"행정구역코드","value":"4822000000"}', NULL, NULL, 47),
	(201, '제주도남쪽먼바다', NULL, NULL, NULL, NULL, NULL, 48),
	(202, '서해남부앞바다(전남남부서해앞바다, 전남중부서해앞바다, 전남북부서해앞바다)', NULL, NULL, NULL, NULL, NULL, 49),
	(203, '서해중부앞바다(충남남부앞바다, 충남북부앞바다)', NULL, NULL, NULL, NULL, NULL, 50),
	(204, '서해남부앞바다(전북남부앞바다, 전북북부앞바다)', NULL, NULL, NULL, NULL, NULL, 50),
	(205, '동해중부먼바다', NULL, NULL, NULL, NULL, NULL, 51),
	(206, '흑산도', NULL, NULL, NULL, NULL, NULL, 52),
	(207, '홍도', NULL, NULL, NULL, NULL, NULL, 52),
	(208, '서해5도', NULL, NULL, NULL, NULL, NULL, 52),
	(209, '울산광역시', NULL, NULL, '{"valueName":"행정구역코드","value":"3100000000"}', NULL, NULL, 53),
	(210, '부산광역시', NULL, NULL, '{"valueName":"행정구역코드","value":"2600000000"}', NULL, NULL, 53),
	(211, '광주광역시', NULL, NULL, '{"valueName":"행정구역코드","value":"4822000000"}', NULL, NULL, 53),
	(212, '인천광역시', NULL, NULL, '{"valueName":"행정구역코드","value":"2900000000"}', NULL, NULL, 53),
	(213, '서울특별시', NULL, NULL, '{"valueName":"행정구역코드","value":"1100000000"}', NULL, NULL, 53),
	(214, '경상남도 양산시', NULL, NULL, '{"valueName":"행정구역코드","value":"4833000000"}', NULL, NULL, 53),
	(215, '경상남도 남해군', NULL, NULL, '{"valueName":"행정구역코드","value":"4884000000"}', NULL, NULL, 53),
	(216, '경상남도 고성군', NULL, NULL, '{"valueName":"행정구역코드","value":"4882000000"}', NULL, NULL, 53),
	(217, '경상남도 거제시', NULL, NULL, '{"valueName":"행정구역코드","value":"4831000000"}', NULL, NULL, 53),
	(218, '경상남도 사천시', NULL, NULL, '{"valueName":"행정구역코드","value":"4824000000"}', NULL, NULL, 53),
	(219, '경상남도 통영시', NULL, NULL, '{"valueName":"행정구역코드","value":"4822000000"}', NULL, NULL, 53),
	(220, '경상남도 거창군', NULL, NULL, '{"valueName":"행정구역코드","value":"4888000000"}', NULL, NULL, 53),
	(221, '경상남도 함양군', NULL, NULL, '{"valueName":"행정구역코드","value":"4887000000"}', NULL, NULL, 53),
	(222, '경상남도 산청군', NULL, NULL, '{"valueName":"행정구역코드","value":"4886000000"}', NULL, NULL, 53),
	(223, '경상남도 김해시', NULL, NULL, '{"valueName":"행정구역코드","value":"4825000000"}', NULL, NULL, 53),
	(224, '경상남도 창원시', NULL, NULL, '{"valueName":"행정구역코드","value":"4812000000"}', NULL, NULL, 53),
	(225, '경상북도 울진군평지', NULL, NULL, NULL, NULL, NULL, 53),
	(226, '경상북도 영양군평지', NULL, NULL, NULL, NULL, NULL, 53),
	(227, '경상북도 봉화군평지', NULL, NULL, NULL, NULL, NULL, 53),
	(228, '경상북도 봉화군산간', NULL, NULL, NULL, NULL, NULL, 53),
	(229, '경상북도 울진군산간', NULL, NULL, NULL, NULL, NULL, 53),
	(230, '경상북도 문경시', NULL, NULL, '{"valueName":"행정구역코드","value":"4728000000"}', NULL, NULL, 53),
	(231, '경상북도 경주시', NULL, NULL, '{"valueName":"행정구역코드","value":"4713000000"}', NULL, NULL, 53),
	(232, '경상북도 포항시', NULL, NULL, '{"valueName":"행정구역코드","value":"4822000000"}', NULL, NULL, 53),
	(233, '경상북도 영덕군', NULL, NULL, '{"valueName":"행정구역코드","value":"4711000000"}', NULL, NULL, 53),
	(234, '경상북도 영주시', NULL, NULL, '{"valueName":"행정구역코드","value":"4721000000"}', NULL, NULL, 53),
	(235, '경상북도 예천군', NULL, NULL, '{"valueName":"행정구역코드","value":"4790000000"}', NULL, NULL, 53),
	(236, '경상북도 영양군산간', NULL, NULL, NULL, NULL, NULL, 53),
	(237, '전라남도', NULL, NULL, '{"valueName":"행정구역코드","value":"4600000000"}', NULL, NULL, 53),
	(238, '충청북도 제천시', NULL, NULL, '{"valueName":"행정구역코드","value":"4315000000"}', NULL, NULL, 53),
	(239, '충청북도 단양군', NULL, NULL, '{"valueName":"행정구역코드","value":"4380000000"}', NULL, NULL, 53),
	(240, '충청북도 음성군', NULL, NULL, '{"valueName":"행정구역코드","value":"4377000000"}', NULL, NULL, 53),
	(241, '충청북도 충주시', NULL, NULL, '{"valueName":"행정구역코드","value":"4313000000"}', NULL, NULL, 53),
	(242, '충청북도 영동군', NULL, NULL, '{"valueName":"행정구역코드","value":"4374000000"}', NULL, NULL, 53),
	(243, '충청북도 괴산군', NULL, NULL, '{"valueName":"행정구역코드","value":"4376000000"}', NULL, NULL, 53),
	(244, '충청북도 보은군', NULL, NULL, '{"valueName":"행정구역코드","value":"4372000000"}', NULL, NULL, 53),
	(245, '충청남도 당진시', NULL, NULL, '{"valueName":"행정구역코드","value":"4483000000"}', NULL, NULL, 53),
	(246, '충청남도 서천군', NULL, NULL, '{"valueName":"행정구역코드","value":"4477000000"}', NULL, NULL, 53),
	(247, '충청남도 홍성군', NULL, NULL, '{"valueName":"행정구역코드","value":"4480000000"}', NULL, NULL, 53),
	(248, '충청남도 보령시', NULL, NULL, '{"valueName":"행정구역코드","value":"4418000000"}', NULL, NULL, 53),
	(249, '충청남도 서산시', NULL, NULL, '{"valueName":"행정구역코드","value":"4421000000"}', NULL, NULL, 53),
	(250, '충청남도 태안군', NULL, NULL, '{"valueName":"행정구역코드","value":"4482500000"}', NULL, NULL, 53),
	(251, '충청남도 예산군', NULL, NULL, '{"valueName":"행정구역코드","value":"4481000000"}', NULL, NULL, 53),
	(252, '충청남도 부여군', NULL, NULL, '{"valueName":"행정구역코드","value":"4476000000"}', NULL, NULL, 53),
	(253, '경기도(여주시, 가평군, 양평군, 포천시, 연천군 제외)', NULL, NULL, NULL, NULL, NULL, 53),
	(254, '전라북도 순창군', NULL, NULL, '{"valueName":"행정구역코드","value":"4577000000"}', NULL, NULL, 53),
	(255, '전라북도 남원시', NULL, NULL, '{"valueName":"행정구역코드","value":"4519000000"}', NULL, NULL, 53),
	(256, '전라북도 무주군', NULL, NULL, '{"valueName":"행정구역코드","value":"4573000000"}', NULL, NULL, 53),
	(257, '전라북도 김제시', NULL, NULL, '{"valueName":"행정구역코드","value":"4521000000"}', NULL, NULL, 53),
	(258, '전라북도 군산시', NULL, NULL, '{"valueName":"행정구역코드","value":"4513000000"}', NULL, NULL, 53),
	(259, '전라북도 부안군', NULL, NULL, '{"valueName":"행정구역코드","value":"4580000000"}', NULL, NULL, 53),
	(260, '전라북도 고창군', NULL, NULL, '{"valueName":"행정구역코드","value":"4579000000"}', NULL, NULL, 53),
	(261, '전라북도 장수군', NULL, NULL, '{"valueName":"행정구역코드","value":"4574000000"}', NULL, NULL, 53),
	(262, '서해중부앞바다(충남남부앞바다, 충남북부앞바다)', NULL, NULL, NULL, NULL, NULL, 54),
	(263, '서해남부앞바다', NULL, NULL, NULL, NULL, NULL, 55),
	(264, '남해서부앞바다', NULL, NULL, NULL, NULL, NULL, 56),
	(265, '남해동부앞바다, 동해남부앞바다', NULL, NULL, NULL, NULL, NULL, 57),
	(266, '제주특별자치도', NULL, NULL, '{"valueName":"행정구역코드","value":"4677000000"}', NULL, NULL, 58),
	(267, '강원도 양구군산간', NULL, NULL, NULL, NULL, NULL, 58),
	(268, '강원도 평창군산간', NULL, NULL, NULL, NULL, NULL, 58),
	(269, '강원도 강릉시산간', NULL, NULL, NULL, NULL, NULL, 58),
	(270, '강원도 홍천군산간', NULL, NULL, NULL, NULL, NULL, 58),
	(271, '강원도 양양군산간', NULL, NULL, NULL, NULL, NULL, 58),
	(272, '강원도 인제군산간', NULL, NULL, NULL, NULL, NULL, 58),
	(273, '강원도 고성군산간', NULL, NULL, NULL, NULL, NULL, 58),
	(274, '강원도 속초시산간', NULL, NULL, NULL, NULL, NULL, 58),
	(275, '강원도 정선군평지', NULL, NULL, NULL, NULL, NULL, 58),
	(276, '강원도 삼척시평지', NULL, NULL, NULL, NULL, NULL, 58),
	(277, '강원도 동해시평지', NULL, NULL, NULL, NULL, NULL, 58),
	(278, '강원도 강릉시평지', NULL, NULL, NULL, NULL, NULL, 58),
	(279, '강원도 양양군평지', NULL, NULL, NULL, NULL, NULL, 58),
	(280, '강원도 동해시산간', NULL, NULL, NULL, NULL, NULL, 58),
	(281, '강원도 고성군평지', NULL, NULL, NULL, NULL, NULL, 58),
	(282, '강원도 속초시평지', NULL, NULL, NULL, NULL, NULL, 58),
	(283, '강원도 삼척시산간', NULL, NULL, NULL, NULL, NULL, 58),
	(284, '강원도 정선군산간', NULL, NULL, NULL, NULL, NULL, 58),
	(285, '강원도 태백시', NULL, NULL, '{"valueName":"행정구역코드","value":"4219000000"}', NULL, NULL, 58),
	(286, '서해중부먼바다', NULL, NULL, NULL, NULL, NULL, 59),
	(287, '서해남부먼바다', NULL, NULL, NULL, NULL, NULL, 59),
	(288, '제주도남쪽먼바다', NULL, NULL, NULL, NULL, NULL, 60),
	(289, '제주도앞바다', NULL, NULL, NULL, NULL, NULL, 61),
	(290, '남해서부동쪽먼바다', NULL, NULL, NULL, NULL, NULL, 61),
	(291, '남해서부서쪽먼바다', NULL, NULL, NULL, NULL, NULL, 61),
	(292, '서해중부앞바다', NULL, NULL, NULL, NULL, NULL, 61),
	(293, '서해남부앞바다', NULL, NULL, NULL, NULL, NULL, 61),
	(294, '남해동부먼바다', NULL, NULL, NULL, NULL, NULL, 62),
	(295, '울릉도.독도', NULL, NULL, NULL, NULL, NULL, 63),
	(296, '동해중부먼바다', NULL, NULL, NULL, NULL, NULL, 64),
	(297, '서해남부먼바다', NULL, NULL, NULL, NULL, NULL, 65),
	(298, '동해중부앞바다', NULL, NULL, NULL, NULL, NULL, 66),
	(299, '제주도남쪽먼바다', NULL, NULL, NULL, NULL, NULL, 67),
	(300, '동해남부먼바다', NULL, NULL, NULL, NULL, NULL, 68),
	(301, '서해중부먼바다', NULL, NULL, NULL, NULL, NULL, 69),
	(302, '강원도 양양군평지', NULL, NULL, NULL, NULL, NULL, 70),
	(303, '강원도 고성군평지', NULL, NULL, NULL, NULL, NULL, 70),
	(304, '강원도 속초시평지', NULL, NULL, NULL, NULL, NULL, 70),
	(305, '강원도', NULL, NULL, '{"valueName":"행정구역코드","value":"4200000000"}', NULL, NULL, 81);
/*!40000 ALTER TABLE `area` ENABLE KEYS */;


-- Dumping structure for table capkorean.info
CREATE TABLE IF NOT EXISTS `info` (
  `info_eid` int(11) unsigned NOT NULL AUTO_INCREMENT,
  `language` enum('koKR','enUS') DEFAULT NULL,
  `category` enum('Geo','Met','Safety','Security','Rescue','Fire','Health','Env','Transport','Infra','CBRNE','Other') NOT NULL,
  `event` varchar(200) NOT NULL,
  `responseType` enum('Shelter','Evacuate','Prepare','Execute','Avoid','Monitor','Assess','AllClear','None') DEFAULT NULL,
  `urgency` enum('Immediate','Expected','Future','Past','Unknown') NOT NULL,
  `severity` enum('Extreme','Severe','Moderate','Minor','Unknown') NOT NULL,
  `certainty` enum('Observed','Likely','Possible','Unlikely','Unknown') NOT NULL,
  `audience` varchar(500) DEFAULT NULL,
  `eventCode` varchar(500) DEFAULT NULL,
  `effective` datetime DEFAULT NULL,
  `onset` datetime DEFAULT NULL,
  `expires` datetime DEFAULT NULL,
  `senderName` varchar(100) DEFAULT NULL,
  `headline` varchar(500) DEFAULT NULL,
  `description` varchar(2000) DEFAULT NULL,
  `instruction` varchar(2000) DEFAULT NULL,
  `web` varchar(500) DEFAULT NULL,
  `contact` varchar(500) DEFAULT NULL,
  `parameter` varchar(5000) DEFAULT NULL,
  `alert_eid` int(11) unsigned NOT NULL,
  PRIMARY KEY (`info_eid`),
  KEY `FK_info_alert` (`alert_eid`),
  CONSTRAINT `FK_info_alert` FOREIGN KEY (`alert_eid`) REFERENCES `alert` (`alert_eid`)
) ENGINE=InnoDB AUTO_INCREMENT=82 DEFAULT CHARSET=utf8;

-- Dumping data for table capkorean.info: ~75 rows (approximately)
/*!40000 ALTER TABLE `info` DISABLE KEYS */;
INSERT INTO `info` (`info_eid`, `language`, `category`, `event`, `responseType`, `urgency`, `severity`, `certainty`, `audience`, `eventCode`, `effective`, `onset`, `expires`, `senderName`, `headline`, `description`, `instruction`, `web`, `contact`, `parameter`, `alert_eid`) VALUES
	(1, 'koKR', 'Met', '호우주의보', NULL, 'Future', 'Moderate', 'Likely', NULL, '{"valueName":"TTAS.KO-07.0046/R5 재난 종류 코드","value":"HRA"}', '2015-08-21 02:00:00', NULL, NULL, '기상청장', '호우주의보 발표', '-- 통보문 내용 --', NULL, 'http://www.kma.go.kr/weather/warning/report.jsp?prevStn=108&prevKind=met&stn=108&kind=met&reportId=met%3A201508210030%3A85&x=22&y=10', '기상청 총괄예보관, 전국 국번없이 131', NULL, 1),
	(2, 'koKR', 'Met', '호우주의보', NULL, 'Immediate', 'Moderate', 'Observed', NULL, '{"valueName":"TTAS.KO-07.0046/R5 재난 종류 코드","value":"HRA"}', NULL, NULL, NULL, '기상청장', '호우주의보 발표', '2015년 10월 1일 3시 정각을 기해 전라남도 진도군, 완도군, 여수시, 고흥군 일대에 호우주의보를 발령합니다. 오늘 오후까지 총 곳에 따라 30~80mm의 호우가 예상되고, 총 예상 강수량은 50~110mm입니다.', NULL, 'http://www.kma.go.kr/weather/warning/report.jsp?prevStn=108&prevKind=met&stn=108&kind=met&reportId=met%3A201510010300%3A1&x=29&y=14', '기상청 총괄예보관, 전국 국번없이 131', NULL, 2),
	(3, 'koKR', 'Met', '호우주의보', NULL, 'Immediate', 'Moderate', 'Observed', NULL, '{"valueName":"TTAS.KO-07.0046/R5 재난 종류 코드","value":"HRA"}', NULL, NULL, NULL, '기상청장', '호우주의보 발표', '2015년 10월 1일 3시 정각을 기해 전라남도 진도군, 완도군, 여수시, 고흥군 일대에 호우주의보를 발령합니다. 오늘 오후까지 총 곳에 따라 30~80mm의 호우가 예상되고, 총 예상 강수량은 50~110mm입니다.', NULL, 'http://www.kma.go.kr/weather/warning/report.jsp?prevStn=108&prevKind=met&stn=108&kind=met&reportId=met%3A201510010300%3A1&x=29&y=14', '기상청 총괄예보관, 전국 국번없이 131', NULL, 3),
	(4, 'koKR', 'Met', '호우주의보', NULL, 'Past', 'Minor', 'Likely', NULL, '{"valueName":"TTAS.KO-07.0046/R5 재난 종류 코드","value":"HRA"}', '2015-10-01 04:00:00', NULL, NULL, '기상청장', '호우주의보 해제', '2015년 10월 1일 4시 정각을 기해 산간 지방을 제외한 제주도 전역에 발령되었던 호우주의보를 해제합니다.', NULL, 'http://www.kma.go.kr/weather/warning/report.jsp?prevStn=108&prevKind=met&stn=108&kind=met&reportId=met%3A201510010400%3A2&x=22&y=10', '기상청 총괄예보관, 전국 국번없이 131', NULL, 4),
	(5, 'koKR', 'Met', '호우경보', NULL, 'Past', 'Minor', 'Likely', NULL, '{"valueName":"TTAS.KO-07.0046/R5 재난 종류 코드","value":"HRW"}', '2015-10-01 04:00:00', NULL, NULL, '기상청장', '호우경보 해제', '2015년 10월 1일 4시 정각을 기해 제주도 산간지방에 발령되었던 호우경보를 해제합니다.', NULL, 'http://www.kma.go.kr/weather/warning/report.jsp?prevStn=108&prevKind=met&stn=108&kind=met&reportId=met%3A201510010400%3A2&x=22&y=10', '기상청 총괄예보관, 전국 국번없이 131', NULL, 5),
	(6, 'koKR', 'Met', '풍랑주의보', NULL, 'Expected', 'Severe', 'Likely', NULL, '{"valueName":"TTAS.KO-07.0046/R5 재난 종류 코드","value":"WWW"}', '2015-10-01 06:00:00', NULL, '2015-10-02 09:00:00', '기상청장', '풍랑주의보 발표', '2015년 10월 1일 6시 정각을 기해 남해동부먼바다에 풍랑주의보를 발표합니다. 예상 풍향 풍속은 남서 혹은 서쪽에서 12~20m/s, 예상 파고는 2~5m이고, 오는 2일 오전에 해제될 예정입니다.', NULL, 'http://www.kma.go.kr/weather/warning/report.jsp?prevStn=108&prevKind=met&stn=108&kind=met&reportId=met%3A201510010400%3A2&x=22&y=10', '기상청 총괄예보관, 전국 국번없이 131', NULL, 6),
	(7, 'koKR', 'Met', '풍랑주의보', NULL, 'Expected', 'Severe', 'Likely', NULL, '{"valueName":"TTAS.KO-07.0046/R5 재난 종류 코드","value":"WWW"}', '2015-10-01 06:00:00', NULL, '2015-10-01 21:00:00', '기상청장', '풍랑주의보 발표', '2015년 10월 1일 6시 정각을 기해 남해서부앞바다에 풍랑주의보를 발표합니다. 예상 풍향 풍속은 남서 혹은 북서에서 12~16m/s, 예상 파고는 2~4m이고, 오늘 밤 해제될 예정입니다.', NULL, 'http://www.kma.go.kr/weather/warning/report.jsp?prevStn=108&prevKind=met&stn=108&kind=met&reportId=met%3A201510010400%3A2&x=22&y=10', '기상청 총괄예보관, 전국 국번없이 131', NULL, 7),
	(8, 'koKR', 'Met', '풍랑주의보', NULL, 'Future', 'Moderate', 'Likely', NULL, '{"valueName":"TTAS.KO-07.0046/R5 재난 종류 코드","value":"WWW"}', '2015-10-01 11:00:00', NULL, '2015-10-02 06:00:00', '기상청장', '풍랑주의보 발표', '2015년 10월 1일 11시 정각을 기해 남해서부앞바다에 풍랑주의보를 발표합니다. 예상 풍향 풍속은 남서 혹은 서에서 12~20m/s, 예상 파고는 2~4m이고, 오는 2일 아침 해제될 예정입니다.', NULL, 'http://www.kma.go.kr/weather/warning/report.jsp?prevStn=108&prevKind=met&stn=108&kind=met&reportId=met%3A201510010930%3A3&x=28&y=8', '기상청 총괄예보관, 전국 국번없이 131', NULL, 8),
	(9, 'koKR', 'Met', '강풍주의보', NULL, 'Immediate', 'Moderate', 'Observed', NULL, '{"valueName":"TTAS.KO-07.0046/R5 재난 종류 코드","value":"HWA"}', '2015-10-01 10:00:00', NULL, '2015-10-02 06:00:00', '기상청장', '강풍주의보 발표', '2015년 10월 1일 10시 정각을 기해 전라남도(장흥군, 진도군, 완도군, 해남군, 강진군, 순천시, 광양시, 여수시, 보성군, 고흥군) 일대에 강풍주의보를 발표합니다. 예상 풍향 풍속은 남이나 남서에서 10-16m/s이고, 오는 2일 아침 해제될 예정입니다.', NULL, 'http://www.kma.go.kr/weather/warning/report.jsp?prevStn=108&prevKind=met&stn=108&kind=met&reportId=met%3A201510011000%3A4&x=22&y=8', '기상청 총괄예보관, 전국 국번없이 131', NULL, 9),
	(10, 'koKR', 'Met', '강풍주의보', NULL, 'Expected', 'Moderate', 'Likely', NULL, '{"valueName":"TTAS.KO-07.0046/R5 재난 종류 코드","value":"HWA"}', '2015-10-01 11:00:00', NULL, '2015-10-02 06:00:00', '기상청장', '강풍주의보 발표', '2015년 10월 1일 11시 정각을 기해 울산광역시, 부산광역시, 경상남도 남해군, 고성군, 거제시, 사천시, 통영시, 창원시 일대에 강풍주의보를 발표합니다. 예상 풍향 풍속은 남서나 서에서 10-16m/s이고, 오는 2일 아침 해제될 예정입니다.', NULL, 'http://www.kma.go.kr/weather/warning/report.jsp?prevStn=108&prevKind=met&stn=108&kind=met&reportId=met%3A201510011000%3A4&x=22&y=8', '기상청 총괄예보관, 전국 국번없이 131', NULL, 10),
	(11, 'koKR', 'Met', '풍랑주의보', NULL, 'Expected', 'Severe', 'Likely', NULL, '{"valueName":"TTAS.KO-07.0046/R5 재난 종류 코드","value":"WWW"}', '2015-10-01 12:00:00', NULL, '2015-10-02 09:00:00', '기상청장', '풍랑주의보 발표', '2015년 10월 1일 12시 정각을 기해 동해남부앞바다(울산앞바다)에 풍랑주의보를 발표합니다. 예상 풍향 풍속은 남이나 남서에서 12-18m/s, 예상 파고는 2~4m이고, 오는 2일 오전 해제될 예정입니다.', NULL, 'http://www.kma.go.kr/weather/warning/report.jsp?prevStn=108&prevKind=met&stn=108&kind=met&reportId=met%3A201510011000%3A4&x=22&y=8', '기상청 총괄예보관, 전국 국번없이 131', NULL, 11),
	(12, 'koKR', 'Met', '풍랑주의보', NULL, 'Expected', 'Severe', 'Likely', NULL, '{"valueName":"TTAS.KO-07.0046/R5 재난 종류 코드","value":"WWW"}', '2015-10-01 12:00:00', NULL, '2015-10-02 15:00:00', '기상청장', '풍랑주의보 발표', '2015년 10월 1일 12시 정각을 기해 동해남부앞바다에 풍랑주의보를 발표합니다. 예상 풍향 풍속은 남이나 남서에서 12-20m/s, 예상 파고는 2~5m이고, 오는 2일 오후 해제될 예정입니다.', NULL, 'http://www.kma.go.kr/weather/warning/report.jsp?prevStn=108&prevKind=met&stn=108&kind=met&reportId=met%3A201510011000%3A4&x=22&y=8', '기상청 총괄예보관, 전국 국번없이 131', NULL, 12),
	(13, 'koKR', 'Met', '풍랑주의보', NULL, 'Expected', 'Severe', 'Likely', NULL, '{"valueName":"TTAS.KO-07.0046/R5 재난 종류 코드","value":"WWW"}', '2015-10-01 13:00:00', NULL, '2015-10-02 09:00:00', '기상청장', '풍랑주의보 발표', '2015년 10월 1일 13시 정각을 기해 동해남부앞바다(경북북부앞바다, 경북남부앞바다)에 풍랑주의보를 발표합니다. 예상 풍향 풍속은 남서이나 서에서 12-18m/s, 예상 파고는 2~4m이고, 오는 2일 오전 해제될 예정입니다.', NULL, 'http://www.kma.go.kr/weather/warning/report.jsp?prevStn=108&prevKind=met&stn=108&kind=met&reportId=met%3A201510011000%3A4&x=22&y=8', '기상청 총괄예보관, 전국 국번없이 131', NULL, 13),
	(14, 'koKR', 'Met', '풍랑주의보', NULL, 'Expected', 'Severe', 'Likely', NULL, '{"valueName":"TTAS.KO-07.0046/R5 재난 종류 코드","value":"WWW"}', '2015-10-01 13:00:00', NULL, '2015-10-02 15:00:00', '기상청장', '풍랑주의보 발표', '2015년 10월 1일 13시 정각을 기해 서해남부먼바다에 풍랑주의보를 발표합니다. 예상 풍향 풍속은 서나 북서에서 14-22m/s, 예상 파고는 2~5m이고, 오는 2일 오후 해제될 예정입니다.', NULL, 'http://www.kma.go.kr/weather/warning/report.jsp?prevStn=108&prevKind=met&stn=108&kind=met&reportId=met%3A201510011000%3A4&x=22&y=8', '기상청 총괄예보관, 전국 국번없이 131', NULL, 14),
	(15, 'koKR', 'Met', '풍랑주의보', NULL, 'Expected', 'Severe', 'Likely', NULL, '{"valueName":"TTAS.KO-07.0046/R5 재난 종류 코드","value":"WWW"}', '2015-10-01 13:00:00', NULL, '2015-10-02 09:00:00', '기상청장', '풍랑주의보 발표', '2015년 10월 1일 13시 정각을 기해 서해중부먼바다에 풍랑주의보를 발표합니다. 예상 풍향 풍속은 서나 북서에서 14-22m/s, 예상 파고는 3~4m이고, 오는 2일 오전 해제될 예정입니다.', NULL, 'http://www.kma.go.kr/weather/warning/report.jsp?prevStn=108&prevKind=met&stn=108&kind=met&reportId=met%3A201510011000%3A4&x=22&y=8', '기상청 총괄예보관, 전국 국번없이 131', NULL, 15),
	(16, 'koKR', 'Met', '호우주의보', NULL, 'Immediate', 'Moderate', 'Observed', NULL, '{"valueName":"TTAS.KO-07.0046/R5 재난 종류 코드","value":"HRA"}', NULL, NULL, NULL, '기상청장', '호우주의보 발표', '2015년 10월 1일 10시 30분을 기해 경상남도 거제시에 호우주의보를 발표합니다. 1일 0시부터 현재까지 30~60mm의 비가 내렸으며, 오늘 오후까지 10~50mm가 더 내려 총 40~100mm의 비가 내릴 것으로 예상됩니다.', NULL, 'http://www.kma.go.kr/weather/warning/report.jsp?prevStn=108&prevKind=met&stn=108&kind=met&reportId=met%3A201510011030%3A5&x=24&y=9', '기상청 총괄예보관, 전국 국번없이 131', NULL, 16),
	(17, 'koKR', 'Met', '호우주의보', NULL, 'Expected', 'Moderate', 'Observed', NULL, '{"valueName":"TTAS.KO-07.0046/R5 재난 종류 코드","value":"HRA"}', NULL, NULL, '2015-10-01 15:00:00', '기상청장', '호우주의보 발표', '2015년 10월 1일 11시 정각을 기해 부산광역시에 호우주의보를 발표합니다. 1일 0시부터 현재까지 20~60mm의 비가 내렸으며, 오늘 오후까지 10~50mm가 더 내려 총 30~100mm의 비가 내릴 것으로 예상됩니다.', NULL, 'http://www.kma.go.kr/weather/warning/report.jsp?prevStn=108&prevKind=met&stn=108&kind=met&reportId=met%3A201510011100%3A6&x=31&y=9', '기상청 총괄예보관, 전국 국번없이 131', NULL, 17),
	(18, 'koKR', 'Met', '강풍주의보', NULL, 'Expected', 'Severe', 'Likely', NULL, '{"valueName":"TTAS.KO-07.0046/R5 재난 종류 코드","value":"HWA"}', '2015-10-01 13:00:00', NULL, '2015-10-02 09:00:00', '기상청장', '강풍주의보 발표', '2015년 10월 1일 13시 정각을 기해 서해5도에 강풍주의보를 발표합니다. 예상 풍향 풍속은 서에서 북서로 14-22m/s이며, 오는 2일 오전 해제 예정입니다.', NULL, 'http://www.kma.go.kr/weather/warning/report.jsp?prevStn=108&prevKind=met&stn=108&kind=met&reportId=met%3A201510011100%3A6&x=31&y=9', '기상청 총괄예보관, 전국 국번없이 131', NULL, 18),
	(19, 'koKR', 'Met', '강풍주의보', NULL, 'Future', 'Severe', 'Likely', NULL, '{"valueName":"TTAS.KO-07.0046/R5 재난 종류 코드","value":"HWA"}', '2015-10-01 14:00:00', NULL, '2015-10-02 15:00:00', '기상청장', '강풍주의보 발표', '2015년 10월 1일 13시 정각을 기해 울릉도, 독도에 강풍주의보를 발표합니다. 예상 풍향 풍속은 남서 후 북서로 12-20m/s이며, 오는 2일 오후 해제 예정입니다.', NULL, 'http://www.kma.go.kr/weather/warning/report.jsp?prevStn=108&prevKind=met&stn=108&kind=met&reportId=met%3A201510011100%3A6&x=31&y=9', '기상청 총괄예보관, 전국 국번없이 131', NULL, 19),
	(20, 'koKR', 'Met', '풍랑주의보', NULL, 'Future', 'Severe', 'Likely', NULL, '{"valueName":"TTAS.KO-07.0046/R5 재난 종류 코드","value":"WWW"}', '2015-10-01 14:00:00', NULL, '2015-10-04 03:00:00', '기상청장', '풍랑주의보 발표', '2015년 10월 1일 14시 정각을 기해 동해중부먼바다에 풍랑주의보를 발표합니다. 예상 풍향 풍속은 남서 후 북서로 12-20m/s이고, 예상 파고는 2~5m이며, 오는 4일 새벽 해제될 예정입니다.', NULL, 'http://www.kma.go.kr/weather/warning/report.jsp?prevStn=108&prevKind=met&stn=108&kind=met&reportId=met%3A201510011100%3A6&x=31&y=9', '기상청 총괄예보관, 전국 국번없이 131', NULL, 20),
	(21, 'koKR', 'Met', '강풍주의보', NULL, 'Future', 'Severe', 'Likely', NULL, '{"valueName":"TTAS.KO-07.0046/R5 재난 종류 코드","value":"HWA"}', '2015-10-01 15:00:00', NULL, '2015-10-02 06:00:00', '기상청장', '강풍주의보 발표', '2015년 10월 1일 15시 정각을 기해 경상북도(경주시, 포항시, 영덕군) 일대에 강풍주의보를 발표합니다. 예상 풍향 풍속은 남서나 서에서 12-18m/s이고, 오는 2일 아침 해제될 예정입니다.', NULL, 'http://www.kma.go.kr/weather/warning/report.jsp?prevStn=108&prevKind=met&stn=108&kind=met&reportId=met%3A201510011220%3A7&x=15&y=10', '기상청 총괄예보관, 전국 국번없이 131', NULL, 21),
	(22, 'koKR', 'Met', '강풍주의보', NULL, 'Future', 'Severe', 'Likely', NULL, '{"valueName":"TTAS.KO-07.0046/R5 재난 종류 코드","value":"HWA"}', '2015-10-01 15:00:00', NULL, '2015-10-02 06:00:00', '기상청장', '강풍주의보 발표', '2015년 10월 1일 15시 정각을 기해 경상남도(양산시, 거창군, 함양군, 산청군, 김해시) 일대에 강풍주의보를 발표합니다. 예상 풍향 풍속은 서나 북서에서 10-16m/s이고, 오는 2일 아침 해제 예정입니다.', NULL, 'http://www.kma.go.kr/weather/warning/report.jsp?prevStn=108&prevKind=met&stn=108&kind=met&reportId=met%3A201510011220%3A7&x=15&y=10', '기상청 총괄예보관, 전국 국번없이 131', NULL, 22),
	(23, 'koKR', 'Met', '강풍주의보', NULL, 'Future', 'Severe', 'Likely', NULL, '{"valueName":"TTAS.KO-07.0046/R5 재난 종류 코드","value":"HWA"}', '2015-10-01 15:00:00', NULL, '2015-10-02 09:00:00', '기상청장', '강풍주의보 발표', '2015년 10월 1일 15시 정각을 기해 광주광역시, 인천광역시, 전라남도(무안군, 나주시, 신안군(흑산면제외), 목포시, 영광군, 함평군, 영암군, 장성군), 경기도(안산시, 화성시, 평택시, 김포시, 시흥시), 전라북도(김제시, 군산시, 부안군, 고창군) 일대에 강풍주의보를 발표합니다. 예상 풍향 풍속은 서나 북서에서 10-16m/s이고, 오는 2일 오전 해제 예정입니다.', NULL, 'http://www.kma.go.kr/weather/warning/report.jsp?prevStn=108&prevKind=met&stn=108&kind=met&reportId=met%3A201510011220%3A7&x=15&y=10', '기상청 총괄예보관, 전국 국번없이 131', NULL, 23),
	(24, 'koKR', 'Met', '강풍주의보', NULL, 'Future', 'Severe', 'Likely', NULL, '{"valueName":"TTAS.KO-07.0046/R5 재난 종류 코드","value":"HWA"}', '2015-10-01 15:00:00', NULL, '2015-10-02 09:00:00', '기상청장', '강풍주의보 발표', '2015년 10월 1일 15시 정각을 기해 충청남도(당진시, 서천군, 홍성군, 보령시, 서산시, 태안군, 예산군, 부여군) 일대에 강풍주의보를 발표합니다. 예상 풍향 풍속은 서나 북서에서 12-18m/s이고, 오는 2일 오전 해제 예정입니다.', NULL, 'http://www.kma.go.kr/weather/warning/report.jsp?prevStn=108&prevKind=met&stn=108&kind=met&reportId=met%3A201510011220%3A7&x=15&y=10', '기상청 총괄예보관, 전국 국번없이 131', NULL, 24),
	(25, 'koKR', 'Met', '풍랑주의보', NULL, 'Future', 'Severe', 'Likely', NULL, '{"valueName":"TTAS.KO-07.0046/R5 재난 종류 코드","value":"WWW"}', '2015-10-01 15:00:00', NULL, '2015-10-02 09:00:00', '기상청장', '풍랑주의보 발표', '2015년 10월 1일 15시 정각을 기해 서해남부앞바다에 풍랑주의보를 발표합니다. 예상 풍향 풍속은 서나 북서에서 10-16m/s, 예상 파고는 2~4m이고, 오는 2일 오전 해제 예정입니다.', NULL, 'http://www.kma.go.kr/weather/warning/report.jsp?prevStn=108&prevKind=met&stn=108&kind=met&reportId=met%3A201510011220%3A7&x=15&y=10', '기상청 총괄예보관, 전국 국번없이 131', NULL, 25),
	(26, 'koKR', 'Met', '풍랑주의보', NULL, 'Future', 'Severe', 'Likely', NULL, '{"valueName":"TTAS.KO-07.0046/R5 재난 종류 코드","value":"WWW"}', '2015-10-01 15:00:00', NULL, '2015-10-02 09:00:00', '기상청장', '풍랑주의보 발표', '2015년 10월 1일 15시 정각을 기해 서해중부앞바다(충남남부앞바다, 충남북부앞바다)에 풍랑주의보를 발표합니다. 예상 풍향 풍속은 서나 북서에서 12-18m/s, 예상 파고는 2~4m이고, 오는 2일 오전 해제 예정입니다.', NULL, 'http://www.kma.go.kr/weather/warning/report.jsp?prevStn=108&prevKind=met&stn=108&kind=met&reportId=met%3A201510011220%3A7&x=15&y=10', '기상청 총괄예보관, 전국 국번없이 131', NULL, 26),
	(27, 'koKR', 'Met', '풍랑주의보', NULL, 'Future', 'Severe', 'Likely', NULL, '{"valueName":"TTAS.KO-07.0046/R5 재난 종류 코드","value":"WWW"}', '2015-10-01 15:00:00', NULL, '2015-10-02 09:00:00', '기상청장', '풍랑주의보 발표', '2015년 10월 1일 15시 정각을 기해 서해중부앞바다(인천·경기남부앞바다, 인천·경기북부앞바다)에 풍랑주의보를 발표합니다. 예상 풍향 풍속은 서나 북서에서 14-22m/s, 예상 파고는 2~4m이고, 오는 2일 오전 해제 예정입니다.', NULL, 'http://www.kma.go.kr/weather/warning/report.jsp?prevStn=108&prevKind=met&stn=108&kind=met&reportId=met%3A201510011220%3A7&x=15&y=10', '기상청 총괄예보관, 전국 국번없이 131', NULL, 27),
	(28, 'koKR', 'Met', '폭풍해일주의보', NULL, 'Future', 'Severe', 'Likely', NULL, '{"valueName":"TTAS.KO-07.0046/R5 재난 종류 코드","value":"SSA"}', '2015-10-01 15:00:00', NULL, NULL, '기상청장', '폭풍해일주의보 발표', '2015년 10월 1일 15시 정각을 기해 전라북도(김제시, 군산시, 부안군, 고창군) 일대에 폭풍해일주의보를 발표합니다. 예상 풍향 풍속은 서나 북서에서 10-16m/s, 예상 파고는 2~4m입니다.\r\n예상 조고(만조시각)\r\n- 군산 : 790cm 이상(1일 17:25, 2일 05:38, 18:09)\r\n- 영광 : 770cm 이상(1일 17:02, 2일 05:15, 17:46)', NULL, 'http://www.kma.go.kr/weather/warning/report.jsp?prevStn=108&prevKind=met&stn=108&kind=met&reportId=met%3A201510011220%3A7&x=15&y=10', '기상청 총괄예보관, 전국 국번없이 131', NULL, 28),
	(29, 'koKR', 'Met', '폭풍해일주의보', NULL, 'Future', 'Severe', 'Likely', NULL, '{"valueName":"TTAS.KO-07.0046/R5 재난 종류 코드","value":"SSA"}', '2015-10-01 15:00:00', NULL, NULL, '기상청장', '폭풍해일주의보 발표', '2015년 10월 1일 15시 정각을 기해 전라남도(무안군, 목포시, 영광군, 함평군) 일대에 폭풍해일주의보를 발표합니다. 예상 풍향 풍속은 서나 북서에서 10-16m/s, 예상 파고는 2~4m입니다.\r\n예상 조고(만조시각)\r\n- 목포 520cm 이상(1일 16:41)\r\n- 무안 520cm 이상(1일 16:41)\r\n- 영광 770cm 이상(1일 17:02)\r\n- 함평 770cm 이상(1일 17:02)', NULL, 'http://www.kma.go.kr/weather/warning/report.jsp?prevStn=108&prevKind=met&stn=108&kind=met&reportId=met%3A201510011220%3A7&x=15&y=10', '기상청 총괄예보관, 전국 국번없이 131', NULL, 29),
	(30, 'koKR', 'Met', '폭풍해일주의보', NULL, 'Future', 'Severe', 'Likely', NULL, '{"valueName":"TTAS.KO-07.0046/R5 재난 종류 코드","value":"SSA"}', '2015-10-01 15:00:00', NULL, NULL, '기상청장', '폭풍해일주의보 발표', '2015년 10월 1일 15시 정각을 기해 충청남도(당진시, 서천군, 홍성군, 보령시, 서산시, 태안군) 일대에 폭풍해일주의보를 발표합니다. 예상 풍향 풍속은 서에서 북서로 12-18m/s, 예상 파고는 2~4m입니다.\r\n예상 조고(만조시각)\r\n- 대산 921cm 이상(1일 18:43, 2일 06:55, 2일 19:26)\r\n- 안흥 769cm 이상(1일 18:05, 2일 06:14, 2일 18:49)\r\n- 보령 844cm 이상(1일 17:35, 2일 05:46, 2일 18:19)\r\n- 장항 808cm 이상(1일 17:26, 2일 05:39, 2일 18:12)', NULL, 'http://www.kma.go.kr/weather/warning/report.jsp?prevStn=108&prevKind=met&stn=108&kind=met&reportId=met%3A201510011220%3A7&x=15&y=10', '기상청 총괄예보관, 전국 국번없이 131', NULL, 30),
	(31, 'koKR', 'Met', '강풍주의보', NULL, 'Future', 'Severe', 'Possible', NULL, '{"valueName":"TTAS.KO-07.0046/R5 재난 종류 코드","value":"HWA"}', '2015-10-01 16:00:00', NULL, '2015-10-02 09:00:00', '기상청장', '강풍주의보 발표', '2015년 10월 1일 16시 정각을 기해 서울특별시, 경기도(군포시, 성남시, 광명시, 광주시, 안성시, 이천시, 용인시, 하남시, 의왕시, 오산시, 남양주시, 구리시, 안양시, 수원시, 파주시, 의정부시, 양주시, 고양시, 동두천시, 부천시, 과천시) 일대에 강풍주의보를 발표합니다. 예상 풍향 풍속은 서나 북서에서 10-16m/s이고, 오는 2일 오전 해제 예정입니다.', NULL, 'http://www.kma.go.kr/weather/warning/report.jsp?prevStn=108&prevKind=met&stn=108&kind=met&reportId=met%3A201510011220%3A7&x=15&y=10', '기상청 총괄예보관, 전국 국번없이 131', NULL, 31),
	(32, 'koKR', 'Met', '폭풍해일주의보', NULL, 'Future', 'Severe', 'Possible', NULL, '{"valueName":"TTAS.KO-07.0046/R5 재난 종류 코드","value":"SSA"}', '2015-10-01 16:00:00', NULL, NULL, '기상청장', '폭풍해일주의보', '2015년 10월 1일 16시 정각을 기해 인천광역시(옹진군 제외), 경기도(안산시, 화성시, 평택시, 김포시, 시흥시) 일대에 폭풍해일주의보를 발표합니다. 예상 풍향 풍속은 서나 북서에서 10-16m/s이고, 예상 파고는 2~4m입니다.\r\n예상 조고(만조시각)\r\n- 인천 : 990cm 이상(1일 19:07)\r\n- 안산 : 940cm 이상(1일 18:53)\r\n- 평택 : 1,010cm이상(1일 18:54) ', NULL, 'http://www.kma.go.kr/weather/warning/report.jsp?prevStn=108&prevKind=met&stn=108&kind=met&reportId=met%3A201510011220%3A7&x=15&y=10', '기상청 총괄예보관, 전국 국번없이 131', NULL, 32),
	(33, 'koKR', 'Met', '호우주의보', NULL, 'Past', 'Minor', 'Observed', NULL, '{"valueName":"TTAS.KO-07.0046/R5 재난 종류 코드","value":"HRA"}', NULL, NULL, NULL, '기상청장', '호우주의보 해제', '2015년 10월 1일 13시 정각을 기해 부산광역시, 경상남도(거제시), 흑산도, 홍도, 전라남도(진도군, 완도군, 여수시, 고흥군)에 발표되었던 호우주의보를 해제합니다.', NULL, 'http://www.kma.go.kr/weather/warning/report.jsp?prevStn=108&prevKind=met&stn=108&kind=met&reportId=met%3A201510011300%3A8&x=16&y=10', '기상청 총괄예보관, 전국 국번없이 131', NULL, 33),
	(34, 'koKR', 'Met', '강풍경보', NULL, 'Immediate', 'Severe', 'Observed', NULL, '{"valueName":"TTAS.KO-07.0046/R5 재난 종류 코드","value":"HWW"}', NULL, NULL, '2015-10-02 06:00:00', '기상청장', '강풍경보 대치', '2015년 10월 1일 13시 정각을 기해 경상남도(통영시)에 발령되었던 강풍주의보를 강풍경보로 대치합니다. 예상 풍향 풍속은 남서나 서에서 16-24m/s이며, 오는 2일 아침 해제 예정입니다.', NULL, 'http://www.kma.go.kr/weather/warning/report.jsp?prevStn=108&prevKind=met&stn=108&kind=met&reportId=met%3A201510011300%3A8&x=16&y=10', '기상청 총괄예보관, 전국 국번없이 131', NULL, 34),
	(35, 'koKR', 'Met', '강풍주의보', NULL, 'Immediate', 'Moderate', 'Observed', NULL, '{"valueName":"TTAS.KO-07.0046/R5 재난 종류 코드","value":"HWA"}', '2015-10-01 15:00:00', NULL, '2015-10-02 06:00:00', '기상청장', '강풍주의보 발표', '2015년 10월 1일 15시 정각을 기해 전라남도(화순군, 구례군, 곡성군, 담양군), 전라북도(순창군, 남원시, 무주군, 장수군)에 강풍주의보를 발표합니다. 예상 풍향 풍속은 서에서 북서로 10-16m/s이며, 오는 2일 오전 해제 예정입니다.', NULL, 'http://www.kma.go.kr/weather/warning/report.jsp?prevStn=108&prevKind=met&stn=108&kind=met&reportId=met%3A201510011300%3A8&x=16&y=10', '기상청 총괄예보관, 전국 국번없이 131', NULL, 35),
	(36, 'koKR', 'Met', '강풍주의보', NULL, 'Expected', 'Moderate', 'Likely', NULL, '{"valueName":"TTAS.KO-07.0046/R5 재난 종류 코드","value":"HWA"}', '2015-10-01 17:00:00', NULL, '2015-10-02 06:00:00', '기상청장', '강풍주의보 발표', '2015년 10월 1일 17시 정각을 기해 충청북도(제처니, 단양군, 음성군, 충주시, 영동군, 괴산군, 보은군)에 강풍주의보를 발표합니다. 예상 풍향 풍속은 서에서 북서로 12-16m/s이며, 오는 2일 아침 해제 예정입니다.', NULL, 'http://www.kma.go.kr/weather/warning/report.jsp?prevStn=108&prevKind=met&stn=108&kind=met&reportId=met%3A201510011500%3A9&x=39&y=8', '기상청 총괄예보관, 전국 국번없이 131', NULL, 36),
	(37, 'koKR', 'Met', '강풍주의보', NULL, 'Expected', 'Moderate', 'Likely', NULL, '{"valueName":"TTAS.KO-07.0046/R5 재난 종류 코드","value":"HWA"}', '2015-10-01 17:00:00', NULL, '2015-10-02 06:00:00', '기상청장', '강풍주의보 발표', '2015년 10월 1일 17시 정각을 기해 경상북도(울진군평지, 영양군평지, 봉화군평지, 봉화군산간, 울진군산간, 문경시, 영주시, 예천군, 영양군산간)에 강풍주의보를 발표합니다. 예상 풍향 풍속은 서에서 북서로 12-18m/s이며, 오는 2일 아침 해제 예정입니다.', NULL, 'http://www.kma.go.kr/weather/warning/report.jsp?prevStn=108&prevKind=met&stn=108&kind=met&reportId=met%3A201510011500%3A9&x=39&y=8', '기상청 총괄예보관, 전국 국번없이 131', NULL, 37),
	(38, 'koKR', 'Met', '강풍주의보', NULL, 'Expected', 'Moderate', 'Likely', NULL, '{"valueName":"TTAS.KO-07.0046/R5 재난 종류 코드","value":"HWA"}', '2015-10-01 17:00:00', NULL, '2015-10-03 03:00:00', '기상청장', '강풍주의보 발표', '2015년 10월 1일 17시 정각을 기해 강원도(양구군산간, 평창군산간, 강릉시산간, 홍천군산간, 양양군산간, 인제군산간, 고성군산간, 속초시산간, 정선군평지, 동해시산간, 삼척시산간, 정선군산간, 태백시)에 강풍주의보를 발표합니다. 예상 풍향 풍속은 서에서 북서로 12-16m/s이며, 오는 2일 아침 해제 예정입니다.', NULL, 'http://www.kma.go.kr/weather/warning/report.jsp?prevStn=108&prevKind=met&stn=108&kind=met&reportId=met%3A201510011500%3A9&x=39&y=8', '기상청 총괄예보관, 전국 국번없이 131', NULL, 38),
	(39, 'koKR', 'Met', '강풍경보', NULL, 'Immediate', 'Severe', 'Observed', NULL, '{"valueName":"TTAS.KO-07.0046/R5 재난 종류 코드","value":"HWW"}', NULL, NULL, '2015-10-02 06:00:00', '기상청장', '강풍경보 대치', '2015년 10월 1일 16시 정각을 기해 부산광역시에 발표되었던 강풍주의보를 강풍경보로 대치합니다. 예상 풍향 풍속은 남서에서 서로 16-24m/s이며, 오는 2일 아침 해제 예정입니다.', NULL, 'http://www.kma.go.kr/weather/warning/report.jsp?prevStn=108&prevKind=met&stn=108&kind=met&reportId=met%3A201510011600%3A10&x=22&y=7', '기상청 총괄예보관, 전국 국번없이 131', NULL, 39),
	(40, 'koKR', 'Met', '강풍주의보', NULL, 'Expected', 'Moderate', 'Likely', NULL, '{"valueName":"TTAS.KO-07.0046/R5 재난 종류 코드","value":"HWA"}', '2015-10-01 20:00:00', NULL, '2015-10-03 03:00:00', '기상청장', '강풍주의보 발표', '2015년 10월 1일 20시 정각을 기해 강원도(삼척시평지, 동해시평지, 강릉시평지, 양양군평지, 고성군평지, 속초시평지) 일대에 강풍주의보를 발표합니다. 예상 풍향 풍속은 서에서 북서로 12-18m/s이며, 오는 3일 새벽 해제 예정입니다.', NULL, 'http://www.kma.go.kr/weather/warning/report.jsp?prevStn=108&prevKind=met&stn=108&kind=met&reportId=met%3A201510011700%3A11&x=20&y=6', '기상청 총괄예보관, 전국 국번없이 131', NULL, 40),
	(41, 'koKR', 'Met', '강풍주의보', NULL, 'Expected', 'Moderate', 'Likely', NULL, '{"valueName":"TTAS.KO-07.0046/R5 재난 종류 코드","value":"WWW"}', '2015-10-01 20:00:00', NULL, '2015-10-02 09:00:00', '기상청장', '풍랑주의보 발표', '2015년 10월 1일 20시 정각을 기해 동해중부앞바다에 풍랑주의보를 발표합니다. 예상 풍향 풍속은 서에서 북서로 12-18m/s, 예상 파고는 2~4m이며, 오는 2일 밤 해제 예정입니다.', NULL, 'http://www.kma.go.kr/weather/warning/report.jsp?prevStn=108&prevKind=met&stn=108&kind=met&reportId=met%3A201510011700%3A11&x=20&y=6', '기상청 총괄예보관, 전국 국번없이 131', NULL, 41),
	(42, 'koKR', 'Met', '폭풍해일주의보', NULL, 'Past', 'Minor', 'Observed', NULL, '{"valueName":"TTAS.KO-07.0046/R5 재난 종류 코드","value":"SSA"}', '2015-10-01 19:00:00', NULL, NULL, '기상청장', '폭풍해일주의보 해제', '2015년 10월 1일 19시 정각을 기해 전라남도(무안군, 목포시, 영광군, 함평군), 충청남도(당진시, 서천군, 홍성군, 보령시, 서산시, 태안군), 전라북도(김제시, 군산시, 부안군, 고창군) 일대에 발표되었던 폭풍해일주의보를 해제합니다.', NULL, 'http://www.kma.go.kr/weather/warning/report.jsp?prevStn=108&prevKind=met&stn=108&kind=met&reportId=met%3A201510011900%3A12&x=18&y=10', '기상청 총괄예보관, 전국 국번없이 131', NULL, 42),
	(43, 'koKR', 'Met', '폭풍해일주의보', NULL, 'Past', 'Minor', 'Observed', NULL, '{"valueName":"TTAS.KO-07.0046/R5 재난 종류 코드","value":"SSA"}', NULL, NULL, NULL, '기상청장', '폭풍해일주의보 해제', '2015년 10월 1일 19시 정각을 기해 인천광역시(옹진군 제외), 경기도(안산시, 화성시, 평택시, 김포시, 시흥시) 일대에 발표되었던 폭풍해일주의보를 해제합니다.', NULL, 'http://www.kma.go.kr/weather/warning/report.jsp?prevStn=108&prevKind=met&stn=108&kind=met&reportId=met%3A201510011930%3A13&x=39&y=11', '기상청 총괄예보관, 전국 국번없이 131', NULL, 43),
	(44, 'koKR', 'Met', '강풍경보', NULL, 'Immediate', 'Severe', 'Likely', NULL, '{"valueName":"TTAS.KO-07.0046/R5 재난 종류 코드","value":"HWW"}', NULL, NULL, '2015-10-02 09:00:00', '기상청장', '강풍경보 대치', '2015년 10월 1일 20시 정각을 기해 서해5도 일대에 발표되었던 강풍주의보를 강풍경보로 대치합니다. 예상 풍향 풍속은 서나 북서로 16-24m/s이며, 오는 2일 오전 해제 예정입니다.', NULL, 'http://www.kma.go.kr/weather/warning/report.jsp?prevStn=108&prevKind=met&stn=108&kind=met&reportId=met%3A201510012000%3A14&x=23&y=11', '기상청 총괄예보관, 전국 국번없이 131', NULL, 44),
	(45, 'koKR', 'Met', '강풍경보', NULL, 'Immediate', 'Severe', 'Likely', NULL, '{"valueName":"TTAS.KO-07.0046/R5 재난 종류 코드","value":"HWW"}', NULL, NULL, '2015-10-02 09:00:00', '기상청장', '강풍경보 대치', '2015년 10월 1일 21시 정각을 기해 흑산도, 홍도 일대에 발표되었던 강풍주의보를 강풍경보로 대치합니다. 예상 풍향 풍속은 서나 북서로 16-22m/s이며, 오는 2일 오전 해제 예정입니다.', NULL, 'http://www.kma.go.kr/weather/warning/report.jsp?prevStn=108&prevKind=met&stn=108&kind=met&reportId=met%3A201510012100%3A15&x=11&y=12', '기상청 총괄예보관, 전국 국번없이 131', NULL, 45),
	(46, 'koKR', 'Met', '강풍경보', NULL, 'Immediate', 'Severe', 'Likely', NULL, '{"valueName":"TTAS.KO-07.0046/R5 재난 종류 코드","value":"HWW"}', NULL, NULL, '2015-10-02 09:00:00', '기상청장', '강풍경보 대치', '2015년 10월 1일 21시 정각을 기해 서해중부먼바다, 서해남부먼바다에 발표되었던 풍랑주의보를 풍랑경보로 대치합니다. 예상 풍향 풍속은 서나 북서로 16-22m/s, 예상 파고는 4~6m이며, 오는 2일 오전 해제 예정입니다.', NULL, 'http://www.kma.go.kr/weather/warning/report.jsp?prevStn=108&prevKind=met&stn=108&kind=met&reportId=met%3A201510012100%3A15&x=11&y=12', '기상청 총괄예보관, 전국 국번없이 131', NULL, 46),
	(47, 'koKR', 'Met', '강풍주의보', NULL, 'Immediate', 'Moderate', 'Likely', NULL, '{"valueName":"TTAS.KO-07.0046/R5 재난 종류 코드","value":"HWA"}', '2015-10-01 23:00:00', NULL, '2015-10-02 06:00:00', '기상청장', '강풍주의보 대치', '2015년 10월 1일 23시 정각을 기해 부산광역시, 경상남도(통영시)에 발표되었던 강풍경보를 강풍주의보로 대치합니다. 예상 풍향 풍속은 서나 북서로 10-16m/s이며, 오는 2일 아침 해제 예정입니다.', NULL, 'http://www.kma.go.kr/weather/warning/report.jsp?prevStn=108&prevKind=met&stn=108&kind=met&reportId=met%3A201510012230%3A16&x=21&y=6', '기상청 총괄예보관, 전국 국번없이 131', NULL, 47),
	(48, 'koKR', 'Met', '풍랑경보', NULL, 'Immediate', 'Severe', 'Likely', NULL, '{"valueName":"TTAS.KO-07.0046/R5 재난 종류 코드","value":"WWW"}', '2015-10-01 23:00:00', NULL, '2015-10-02 12:00:00', '기상청장', '풍랑경보 대치', '2015년 10월 1일 23시 정각을 기해 제주도남쪽먼바다에 발표되었던 풍랑주의보를 풍랑경보로 대치합니다. 예상 풍향 풍속은 서나 북서로 14-22m/s, 예상 파고는 3-6m이며, 오는 2일 낮 해제 예정입니다.', NULL, 'http://www.kma.go.kr/weather/warning/report.jsp?prevStn=108&prevKind=met&stn=108&kind=met&reportId=met%3A201510012230%3A16&x=21&y=6', '기상청 총괄예보관, 전국 국번없이 131', NULL, 48),
	(49, 'koKR', 'Met', '풍랑경보', NULL, 'Immediate', 'Severe', 'Likely', NULL, '{"valueName":"TTAS.KO-07.0046/R5 재난 종류 코드","value":"WWW"}', '2015-10-01 23:00:00', NULL, '2015-10-02 09:00:00', '기상청장', '풍랑경보 대치', '2015년 10월 1일 23시 정각을 기해 서해남부앞바다(전남남부서해앞바다, 전남중부서해앞바다, 전남북부서해앞바다) 일대에 발표되었던 풍랑주의보를 풍랑경보로 대치합니다. 예상 풍향 풍속은 서나 북서로 16-22m/s, 예상 파고는 3-6m이며, 오는 2일 오전 해제 예정입니다.', NULL, 'http://www.kma.go.kr/weather/warning/report.jsp?prevStn=108&prevKind=met&stn=108&kind=met&reportId=met%3A201510012230%3A16&x=21&y=6', '기상청 총괄예보관, 전국 국번없이 131', NULL, 49),
	(50, 'koKR', 'Met', '풍랑경보', NULL, 'Immediate', 'Severe', 'Likely', NULL, '{"valueName":"TTAS.KO-07.0046/R5 재난 종류 코드","value":"WWW"}', '2015-10-01 23:00:00', NULL, '2015-10-02 09:00:00', '기상청장', '풍랑경보 대치', '2015년 10월 1일 23시 정각을 기해 서해중부앞바다(충남남부앞바다, 충남북부앞바다), 서해남부앞바다(전북남부앞바다, 전북북부앞바다) 일대에 발표되었던 풍랑주의보를 풍랑경보로 대치합니다. 예상 풍향 풍속은 서나 북서로 16-22m/s, 예상 파고는 4-6m이며, 오는 2일 오전 해제 예정입니다.', NULL, 'http://www.kma.go.kr/weather/warning/report.jsp?prevStn=108&prevKind=met&stn=108&kind=met&reportId=met%3A201510012230%3A16&x=21&y=6', '기상청 총괄예보관, 전국 국번없이 131', NULL, 50),
	(51, 'koKR', 'Met', '풍랑경보', NULL, 'Immediate', 'Severe', 'Likely', NULL, '{"valueName":"TTAS.KO-07.0046/R5 재난 종류 코드","value":"WWW"}', '2015-10-02 01:00:00', NULL, '2015-10-04 03:00:00', '기상청장', '풍랑경보 대치', '2015년 10월 2일 1시 정각을 기해 동해중부먼바다에 발표되었던 풍랑주의보를 풍랑경보로 대치합니다. 예상 풍향 풍속은 서나 북서로 14-22m/s, 예상 파고는 3-6m이며, 오는 4일 새벽 해제 예정입니다.', NULL, 'http://www.kma.go.kr/weather/warning/report.jsp?prevStn=108&prevKind=met&stn=108&kind=met&reportId=met%3A201510012230%3A16&x=21&y=6', '기상청 총괄예보관, 전국 국번없이 131', NULL, 51),
	(52, 'koKR', 'Met', '강풍경보', NULL, 'Past', 'Minor', 'Observed', NULL, '{"valueName":"TTAS.KO-07.0046/R5 재난 종류 코드","value":"HWW"}', NULL, NULL, NULL, '기상청장', '강풍경보 해제', '2015년 10월 2일 3시 30분을 기해 흑산도, 홍도, 서해5도에 발표되었던 강풍경보를 해제합니다.', NULL, 'http://www.kma.go.kr/weather/warning/report.jsp?prevStn=108&prevKind=met&stn=108&kind=met&reportId=met%3A201510020330%3A17&x=26&y=16', '기상청 총괄예보관, 전국 국번없이 131', NULL, 52),
	(53, 'koKR', 'Met', '강풍주의보', NULL, 'Past', 'Minor', 'Observed', NULL, '{"valueName":"TTAS.KO-07.0046/R5 재난 종류 코드","value":"HWA"}', NULL, NULL, NULL, '기상청장', '강풍주의보 해제', '2015년 10월 2일 3시 30분을 기해 울산광역시, 부산광역시, 광주광역시, 인천광역시, 서울특별시, 겅상남도(양산시, 남해군, 고성군, 거제시, 사천시, 통영시, 거창군, 함양군, 산청군, 김해시, 창원시), 경상북도(울진군평지, 영양군평지, 봉화군평지, 봉화군산간, 울진군산간, 문경시, 경주시, 포항시, 영덕군, 영주시, 예천군, 영양군산간), 전라남도, 충청북도(제천시, 단양군, 음성군, 충주시, 영동군, 괴산군, 보은군), 충청남도(당진시, 서천군, 홍성군, 보령시, 서산시, 태안군, 예산군, 부여군), 경기도(여주시, 가평군, 양평군, 포천시, 연천군 제외), 전라북도(순창군, 남원시, 무주군, 김제시, 군산시, 부안군, 고창군, 장수군) 일대에 발표되었던 강풍주의보를 해제합니다.', NULL, 'http://www.kma.go.kr/weather/warning/report.jsp?prevStn=108&prevKind=met&stn=108&kind=met&reportId=met%3A201510020330%3A17&x=26&y=16', '기상청 총괄예보관, 전국 국번없이 131', NULL, 53),
	(54, 'koKR', 'Met', '풍랑주의보', NULL, 'Expected', 'Moderate', 'Observed', NULL, '{"valueName":"TTAS.KO-07.0046/R5 재난 종류 코드","value":"WWW"}', '2015-10-02 05:00:00', NULL, '2015-10-02 09:00:00', '기상청장', '풍랑주의보 대치', '2015년 10월 2일 5시 정각을 기해 서해중부앞바다(충남남부앞바다, 충남북부앞바다)에 발표되었던 풍랑경보를 풍랑주의보로 대치합니다. 예상 풍향 풍속은 서나 북서로 12-18m/s, 예상 파고는 2~4m이며, 오늘 오전 해제 예정입니다.', NULL, 'http://www.kma.go.kr/weather/warning/report.jsp?prevStn=108&prevKind=met&stn=108&kind=met&reportId=met%3A201510020330%3A17&x=26&y=16', '기상청 총괄예보관, 전국 국번없이 131', NULL, 54),
	(55, 'koKR', 'Met', '풍랑주의보', NULL, 'Expected', 'Moderate', 'Observed', NULL, '{"valueName":"TTAS.KO-07.0046/R5 재난 종류 코드","value":"WWW"}', '2015-10-02 05:00:00', NULL, '2015-10-02 09:00:00', '기상청장', '풍랑주의보 대치', '2015년 10월 2일 5시 정각을 기해 서해남부앞바다에 발표되었던 풍랑경보를 풍랑주의보로 대치합니다. 예상 풍향 풍속은 서나 북서로 12-18m/s, 예상 파고는 2~4m이며, 오늘 오전 해제 예정입니다.', NULL, 'http://www.kma.go.kr/weather/warning/report.jsp?prevStn=108&prevKind=met&stn=108&kind=met&reportId=met%3A201510020330%3A17&x=26&y=16', '기상청 총괄예보관, 전국 국번없이 131', NULL, 55),
	(56, 'koKR', 'Met', '풍랑주의보', NULL, 'Past', 'Minor', 'Observed', NULL, '{"valueName":"TTAS.KO-07.0046/R5 재난 종류 코드","value":"WWW"}', '2015-10-02 05:00:00', NULL, NULL, '기상청장', '풍랑주의보 해제', '2015년 10월 2일 5시 정각을 기해 남해서부앞바다에 발표되었던 풍랑주의보를 해제합니다.', NULL, 'http://www.kma.go.kr/weather/warning/report.jsp?prevStn=108&prevKind=met&stn=108&kind=met&reportId=met%3A201510020330%3A17&x=26&y=16', '기상청 총괄예보관, 전국 국번없이 131', NULL, 56),
	(57, 'koKR', 'Met', '풍랑주의보', NULL, 'Past', 'Minor', 'Observed', NULL, '{"valueName":"TTAS.KO-07.0046/R5 재난 종류 코드","value":"WWW"}', '2015-10-02 06:00:00', NULL, NULL, '기상청장', '풍랑주의보 해제', '2015년 10월 2일 6시 정각을 기해 남해동부앞바다, 동해남부앞바다에 발표되었던 풍랑주의보를 해제합니다.', NULL, 'http://www.kma.go.kr/weather/warning/report.jsp?prevStn=108&prevKind=met&stn=108&kind=met&reportId=met%3A201510020330%3A17&x=26&y=16', '기상청 총괄예보관, 전국 국번없이 131', NULL, 57),
	(58, 'koKR', 'Met', '강풍주의보', NULL, 'Past', 'Minor', 'Observed', NULL, '{"valueName":"TTAS.KO-07.0046/R5 재난 종류 코드","value":"HWA"}', NULL, NULL, NULL, '기상청장', '강풍주의보 해제', '2015년 10월 2일 7시 정각을 기해 제주도, 강원도(양구군산간, 평창군산간, 강릉시산간, 홍천군산간, 양양군산간, 인제군산간, 고성군산간, 속초시산간, 정선군평지, 삼척시평지, 동해시평지, 강릉시평지, 양양군평지, 동해시산간, 고성군평지, 속초시평지, 삼척시산간, 정선군산간, 태백시) 일대에 발표되었던 강풍주의보를 해제합니다.', NULL, 'http://www.kma.go.kr/weather/warning/report.jsp?prevStn=108&prevKind=met&stn=108&kind=met&reportId=met%3A201510020700%3A18&x=28&y=9', '기상청 총괄예보관, 전국 국번없이 131', NULL, 58),
	(59, 'koKR', 'Met', '풍랑주의보', NULL, 'Expected', 'Moderate', 'Likely', NULL, '{"valueName":"TTAS.KO-07.0046/R5 재난 종류 코드","value":"WWW"}', NULL, NULL, '2015-10-02 12:00:00', '기상청장', '풍랑주의보 대치', '2015년 10월 2일 7시 정각을 기해 서해중부먼바다, 서해남부먼바다에 발표되었떤 풍랑경보를 풍랑주의보로 대치합니다. 예상 풍향 풍속은 서나 북서로 12-16m/s, 예상 파고는 2~4m이며, 오늘 낮 해제 예정입니다.', NULL, 'http://www.kma.go.kr/weather/warning/report.jsp?prevStn=108&prevKind=met&stn=108&kind=met&reportId=met%3A201510020700%3A18&x=28&y=9', '기상청 총괄예보관, 전국 국번없이 131', NULL, 59),
	(60, 'koKR', 'Met', '풍랑주의보', NULL, 'Expected', 'Moderate', 'Likely', NULL, '{"valueName":"TTAS.KO-07.0046/R5 재난 종류 코드","value":"WWW"}', '2015-10-02 09:00:00', NULL, '2015-10-02 15:00:00', '기상청장', '풍랑주의보 대치', '2015년 10월 2일 9시 정각을 기해 제주도남쪽먼바다에 발표되었던 풍랑경보를 풍랑주의보로 대치합니다. 예상 풍향 풍속은 북서나 북으로 12-18m/s, 예상 파고는 2~4m이며, 오늘 오후 해제 예정입니다.', NULL, 'http://www.kma.go.kr/weather/warning/report.jsp?prevStn=108&prevKind=met&stn=108&kind=met&reportId=met%3A201510020700%3A18&x=28&y=9', '기상청 총괄예보관, 전국 국번없이 131', NULL, 60),
	(61, 'koKR', 'Met', '풍랑주의보', NULL, 'Past', 'Minor', 'Observed', NULL, '{"valueName":"TTAS.KO-07.0046/R5 재난 종류 코드","value":"WWW"}', '2015-10-02 09:00:00', NULL, NULL, '기상청장', '풍랑주의보 해제', '2015년 10월 2일 9시 정각을 기해 제주도앞바다, 남해서부동족먼바다, 남해서부서쪽먼바다, 서해중부앞바다, 서해남부앞바다에 발표되었던 풍랑주의보를 해제합니다.', NULL, 'http://www.kma.go.kr/weather/warning/report.jsp?prevStn=108&prevKind=met&stn=108&kind=met&reportId=met%3A201510020700%3A18&x=28&y=9', '기상청 총괄예보관, 전국 국번없이 131', NULL, 61),
	(62, 'koKR', 'Met', '풍랑주의보', NULL, 'Past', 'Minor', 'Observed', NULL, '{"valueName":"TTAS.KO-07.0046/R5 재난 종류 코드","value":"WWW"}', '2015-10-02 10:00:00', NULL, NULL, '기상청장', '풍랑주의보 해제', '2015년 10월 2일 10시 정각을 기해 남해동부먼바다에 발표되었던 풍랑주의보를 해제합니다.', NULL, 'http://www.kma.go.kr/weather/warning/report.jsp?prevStn=108&prevKind=met&stn=108&kind=met&reportId=met%3A201510020700%3A18&x=28&y=9', '기상청 총괄예보관, 전국 국번없이 131', NULL, 62),
	(63, 'koKR', 'Met', '강풍주의보', NULL, 'Past', 'Minor', 'Observed', NULL, '{"valueName":"TTAS.KO-07.0046/R5 재난 종류 코드","value":"HWA"}', NULL, NULL, NULL, '기상청장', '강풍주의보 해제', '2015년 10월 2일 9시 정각을 기해 울릉도, 독도에 발표되었던 강풍주의보를 해제합니다.', NULL, 'http://www.kma.go.kr/weather/warning/report.jsp?prevStn=108&prevKind=met&stn=108&kind=met&reportId=met%3A201510020900%3A19&x=27&y=9', '기상청 총괄예보관, 전국 국번없이 131', NULL, 63),
	(64, 'koKR', 'Met', '풍랑주의보', NULL, 'Expected', 'Moderate', 'Observed', NULL, '{"valueName":"TTAS.KO-07.0046/R5 재난 종류 코드","value":"WWW"}', '2015-10-02 11:00:00', NULL, '2015-10-04 03:00:00', '기상청장', '풍랑주의보 대치', '2015년 10월 2일 11시 정각을 기해 동해중부먼바다에 발표되었던 풍랑경보를 풍랑주의보로 대치합니다. 예상 풍향 풍속은 서에서 북서로 12-18m/s, 예상 파고는 2~4m이며, 오는 4일 새벽 해제 예정입니다.', NULL, 'http://www.kma.go.kr/weather/warning/report.jsp?prevStn=108&prevKind=met&stn=108&kind=met&reportId=met%3A201510020900%3A19&x=27&y=9', '기상청 총괄예보관, 전국 국번없이 131', NULL, 64),
	(65, 'koKR', 'Met', '풍랑주의보', NULL, 'Past', 'Minor', 'Observed', NULL, '{"valueName":"TTAS.KO-07.0046/R5 재난 종류 코드","value":"WWW"}', '2015-10-02 11:00:00', NULL, NULL, '기상청장', '풍랑주의보 해제', '2015년 10월 2일 11시 정각을 기해 서해남부먼바다, 동해중부앞바다에 발표되었던 풍랑주의보를 해제합니다.', NULL, 'http://www.kma.go.kr/weather/warning/report.jsp?prevStn=108&prevKind=met&stn=108&kind=met&reportId=met%3A201510020900%3A19&x=27&y=9', '기상청 총괄예보관, 전국 국번없이 131', NULL, 65),
	(66, 'koKR', 'Met', '풍랑주의보', NULL, 'Past', 'Minor', 'Observed', NULL, '{"valueName":"TTAS.KO-07.0046/R5 재난 종류 코드","value":"WWW"}', '2015-10-02 17:00:00', NULL, NULL, '기상청장', '풍랑주의보 해제', '2015년 10월 2일 17시 정각을 기해 제주도남쪽먼바다에 발표되었던 풍랑주의보를 해제합니다.', NULL, 'http://www.kma.go.kr/weather/warning/report.jsp?prevStn=108&prevKind=met&stn=108&kind=met&reportId=met%3A201510021700%3A20&x=24&y=2', '기상청 총괄예보관, 전국 국번없이 131', NULL, 66),
	(67, 'koKR', 'Met', '풍랑주의보', NULL, 'Past', 'Minor', 'Observed', NULL, '{"valueName":"TTAS.KO-07.0046/R5 재난 종류 코드","value":"WWW"}', '2015-10-02 20:00:00', NULL, NULL, '기상청장', '풍랑주의보 해제', '2015년 10월 2일 20시 정각을 기해 동해남부먼바다에 발표되었던 풍랑주의보를 해제합니다.', NULL, 'http://www.kma.go.kr/weather/warning/report.jsp?prevStn=108&prevKind=met&stn=108&kind=met&reportId=met%3A201510021700%3A20&x=24&y=2', '기상청 총괄예보관, 전국 국번없이 131', NULL, 67),
	(68, 'koKR', 'Met', '풍랑주의보', NULL, 'Past', 'Minor', 'Observed', NULL, '{"valueName":"TTAS.KO-07.0046/R5 재난 종류 코드","value":"WWW"}', '2015-10-03 04:00:00', NULL, NULL, '기상청장', '풍랑주의보 해제', '2015년 10월 3일 4시 정각을 기해 서해중부먼바다에 발표되었던 풍랑주의보를 해제합니다.', NULL, 'http://www.kma.go.kr/weather/warning/report.jsp?prevStn=108&prevKind=met&stn=108&kind=met&reportId=met%3A201510021700%3A20&x=24&y=2', '기상청 총괄예보관, 전국 국번없이 131', NULL, 68),
	(69, 'koKR', 'Met', '풍랑주의보', NULL, 'Past', 'Minor', 'Observed', NULL, '{"valueName":"TTAS.KO-07.0046/R5 재난 종류 코드","value":"WWW"}', '2015-10-03 08:00:00', NULL, NULL, '기상청장', '풍랑주의보 해제', '2015년 10월 3일 8시 정각을 기해 동해중부먼바다에 발표되었던 풍랑주의보를 해제합니다.', NULL, 'http://www.kma.go.kr/weather/warning/report.jsp?prevStn=108&prevKind=met&stn=108&kind=met&reportId=met%3A201510030700%3A22&x=20&y=8', '기상청 총괄예보관, 전국 국번없이 131', NULL, 69),
	(70, 'koKR', 'Met', '건조주의보', NULL, 'Immediate', 'Moderate', 'Observed', NULL, '{"valueName":"TTAS.KO-07.0046/R5 재난 종류 코드","value":"HAW"}', NULL, NULL, NULL, '기상청장', '건조주의보 발표', '2015년 10월 4일 16시 정각을 기해 강원도(양양군평지, 고성군평지, 속초시평지)에 건조주의보를 발표합니다. 해당 지역의 실효습도는 25-35%일 것으로 예상됩니다.', NULL, 'http://www.kma.go.kr/weather/warning/report.jsp?prevStn=108&prevKind=met&stn=108&kind=met&reportId=met%3A201510041600%3A23&x=15&y=11', '기상청 총괄예보관, 전국 국번없이 131', NULL, 70),
	(71, 'koKR', 'Met', '호우주의보', NULL, 'Expected', 'Moderate', 'Possible', NULL, '{"valueName":"TTAS.KO-07.0046/R5 재난 종류 코드","value":"HRA"}', NULL, NULL, NULL, '#SENDER_NAME#', '호우주의보 발표', '#TIME#을 기해 #AREA#에 호우주의보를 발표합니다. \r\n#PAST_TENSE_BEGIN#부터 #PAST_TENSE_END#까지 #PAST_AMOUNT#의 비가 내렸으며, #FUTURE_TENSE#까지 #FUTURE_AMOUNT#가 더 내려 총 #TOTAL_AMOUNT#의 비가 내릴 것으로 예상됩니다.', '주택 하수구와 인근 배수구 점검, 안전한 곳으로 차량 이동, 고압전선 및 가로등 주의', NULL, NULL, NULL, 71),
	(72, 'koKR', 'Met', '호우경보', NULL, 'Expected', 'Severe', 'Possible', NULL, '{"valueName":"TTAS.KO-07.0046/R5 재난 종류 코드","value":"HRW"}', NULL, NULL, NULL, '#SENDER_NAME#', '호우경보 발표', '#TIME#을 기해 #AREA#에 호우경보를 발표합니다. \r\n#PAST_TENSE_BEGIN#부터 #PAST_TENSE_END#까지 #PAST_AMOUNT#의 비가 내렸으며, #FUTURE_TENSE#까지 #FUTURE_AMOUNT#가 더 내려 총 #TOTAL_AMOUNT#의 비가 내릴 것으로 예상됩니다.', '주택 하수구와 인근 배수구 점검, 안전한 곳으로 차량 이동, 고압전선 및 가로등 주의', NULL, NULL, NULL, 71),
	(73, 'koKR', 'Met', '건조주의보', NULL, 'Expected', 'Moderate', 'Possible', NULL, '{"valueName":"TTAS.KO-07.0046/R5 재난 종류 코드","value":"HAW"}', NULL, NULL, NULL, '#SENDER_NAME#', '건조주의보 발표', '#TIME#을 기해 #AREA#에 건조주의보를 발표합니다. 해당 지역의 실효습도는 #HUMIDITY#일 것으로 예상됩니다.', '낮은 습도로 인한 화재에 유의', NULL, NULL, NULL, 71),
	(74, 'koKR', 'Met', '건조경보', NULL, 'Expected', 'Severe', 'Possible', NULL, '{"valueName":"TTAS.KO-07.0046/R5 재난 종류 코드","value":"HAW"}', NULL, NULL, NULL, '#SENDER_NAME#', '건조경보 발표', '#TIME#을 기해 #AREA#에 건조경보를 발표합니다. 해당 지역의 실효습도는 #HUMIDITY#일 것으로 예상됩니다.', '낮은 습도로 인한 화재에 각별히 유의', NULL, NULL, NULL, 71),
	(75, 'koKR', 'Met', '풍랑주의보', NULL, 'Expected', 'Severe', 'Possible', NULL, '{"valueName":"TTAS.KO-07.0046/R5 재난 종류 코드","value":"WWW"}', NULL, NULL, NULL, '#SENDER_NAME#', '풍랑주의보 발표', '#TIME#을 기해 #AREA#에 풍랑주의보를 발표합니다. 예상 풍향 풍속은 #WIND_DIRECTION#에서 #WIND_VELOCITY#, 예상 파고는 #WAVE_HEIGHT#이고, #ESTIMATED_CLEARTIME# 해제될 예정입니다.', '매체를 통한 풍랑정보 수시 확인, 해안가 및 방파제 접근 자제, 선박 대피', NULL, NULL, NULL, 71),
	(76, 'koKR', 'Met', '풍랑경보', NULL, 'Expected', 'Extreme', 'Possible', NULL, '{"valueName":"TTAS.KO-07.0046/R5 재난 종류 코드","value":"WWW"}', NULL, NULL, NULL, '#SENDER_NAME#', '풍랑경보 발표', '#TIME#을 기해 #AREA#에 풍랑경보를 발표합니다. 예상 풍향 풍속은 #WIND_DIRECTION#에서 #WIND_VELOCITY#, 예상 파고는 #WAVE_HEIGHT#이고, #ESTIMATED_CLEARTIME# 해제될 예정입니다.', '매체를 통한 풍랑정보 수시 확인, 해안가 및 방파제 접근 금지, 선박 대피', NULL, NULL, NULL, 71),
	(77, 'koKR', 'Met', '폭풍해일주의보', NULL, 'Expected', 'Severe', 'Possible', NULL, '{"valueName":"TTAS.KO-07.0046/R5 재난 종류 코드","value":"SSA"}', NULL, NULL, NULL, '#SENDER_NAME#', '폭풍해일주의보 발표', '#TIME#을 기해 #AREA# 일대에 폭풍해일주의보를 발표합니다. 예상 풍향 풍속은 #WIND_DIRECTION#에서 #WIND_SPEED#, 예상 파고는 #WAVE_HEIGHT#입니다.\r\n예상 조고(만조시각)\r\n#ESTIMATED_FULLTIDE_HEIGHT_AND_TIME#', '매체를 통한 풍랑정보 수시 확인, 해안가 및 방파제 접근 자제, 선박 대피', NULL, NULL, NULL, 71),
	(78, 'koKR', 'Met', '폭풍해일경보', NULL, 'Expected', 'Extreme', 'Possible', NULL, '{"valueName":"TTAS.KO-07.0046/R5 재난 종류 코드","value":"SSW"}', NULL, NULL, NULL, '#SENDER_NAME#', '폭풍해일경보 발표', '#TIME#을 기해 #AREA# 일대에 폭풍해일경보를 발표합니다. 예상 풍향 풍속은 #WIND_DIRECTION#에서 #WIND_SPEED#, 예상 파고는 #WAVE_HEIGHT#입니다.\r\n예상 조고(만조시각)\r\n#ESTIMATED_FULLTIDE_HEIGHT_AND_TIME#', '매체를 통한 풍랑정보 수시 확인, 해안가 및 방파제 접근 금지, 선박 대피', NULL, NULL, NULL, 71),
	(79, 'koKR', 'Met', '강풍주의보', NULL, 'Expected', 'Moderate', 'Possible', NULL, '{"valueName":"TTAS.KO-07.0046/R5 재난 종류 코드","value":"HWA"}', NULL, NULL, NULL, '#SENDER_NAME#', '강풍주의보 발표', '#TIME#을 기해 #AREA#에 강풍주의보를 발표합니다. 예상 풍향 풍속은 #WIND_DIRECTION#로 #WIND_VELOCITY#이며, #ESTIMATED_CLEARTIME# 해제 예정입니다.', '유리창과 창호 피해 대비, 가벼운 물체나 구조물 보호', NULL, NULL, NULL, 71),
	(80, 'koKR', 'Met', '강풍경보', NULL, 'Expected', 'Severe', 'Possible', NULL, '{"valueName":"TTAS.KO-07.0046/R5 재난 종류 코드","value":"HWW"}', NULL, NULL, NULL, '#SENDER_NAME#', '강풍경보 발표', '#TIME#을 기해 #AREA#에 강풍경보를 발표합니다. 예상 풍향 풍속은 #WIND_DIRECTION#로 #WIND_VELOCITY#이며, #ESTIMATED_CLEARTIME# 해제 예정입니다.', '유리창과 창호 피해 대비, 가벼운 물체나 구조물 보호', NULL, NULL, NULL, 71),
	(81, 'koKR', 'Security', '민방공경계경보', NULL, 'Expected', 'Severe', 'Observed', NULL, NULL, '2015-11-10 13:00:00', NULL, NULL, '강원도민방위경보통제소장', '민방공경계경보 발표', '2015년 11월 10일 13시 정각을 기해 강원도 일대에 적의 공격이 예상되어, 민방공 경계경보를 발령합니다.', '매체를 통한 정부 안내 대기, 가정이나 직장으로 신속히 복귀', NULL, NULL, NULL, 77);
/*!40000 ALTER TABLE `info` ENABLE KEYS */;


-- Dumping structure for table capkorean.resource
CREATE TABLE IF NOT EXISTS `resource` (
  `resource_eid` int(11) unsigned NOT NULL AUTO_INCREMENT,
  `resourceDesc` varchar(200) NOT NULL,
  `mimeType` varchar(500) NOT NULL,
  `size` float DEFAULT NULL,
  `uri` varchar(500) DEFAULT NULL,
  `derefURI` varbinary(50) DEFAULT NULL,
  `digest` varbinary(50) DEFAULT NULL,
  `info_eid` int(11) unsigned NOT NULL,
  PRIMARY KEY (`resource_eid`),
  KEY `FK_resource_info` (`info_eid`),
  CONSTRAINT `FK_resource_info` FOREIGN KEY (`info_eid`) REFERENCES `info` (`info_eid`)
) ENGINE=InnoDB AUTO_INCREMENT=70 DEFAULT CHARSET=utf8;

-- Dumping data for table capkorean.resource: ~69 rows (approximately)
/*!40000 ALTER TABLE `resource` DISABLE KEYS */;
INSERT INTO `resource` (`resource_eid`, `resourceDesc`, `mimeType`, `size`, `uri`, `derefURI`, `digest`, `info_eid`) VALUES
	(1, '지도', 'image/png', NULL, 'http://kma.go.kr/weather/warning/report.jsp?prevStn=108&prevKind=met&stn=108&kind=met&reportId=met%3A201508210030%3A85&x=22&y=10', NULL, NULL, 2),
	(2, '지도', 'image/png', NULL, 'http://kma.go.kr/weather/warning/report.jsp?prevStn=108&prevKind=met&stn=108&kind=met&reportId=met%3A201508210030%3A85&x=22&y=10', NULL, NULL, 3),
	(3, '지도', 'image/png', NULL, 'http://www.kma.go.kr/repositary/image/wrn/img/KTKO50_201510010400_108_2a.png', NULL, NULL, 4),
	(4, '지도', 'image/png', NULL, 'http://www.kma.go.kr/repositary/image/wrn/img/KTKO50_201510010400_108_2a.png', NULL, NULL, 5),
	(5, '지도', 'image/png', NULL, 'http://www.kma.go.kr/repositary/image/wrn/img/KTKO50_201510010400_108_2a.png', NULL, NULL, 6),
	(6, '지도', 'image/png', NULL, 'http://www.kma.go.kr/repositary/image/wrn/img/KTKO50_201510010400_108_2a.png', NULL, NULL, 7),
	(7, '지도', 'image/png', NULL, 'http://www.kma.go.kr/repositary/image/wrn/img/KTKO50_201510010930_108_3a.png', NULL, NULL, 8),
	(8, '지도', 'image/png', NULL, 'http://www.kma.go.kr/repositary/image/wrn/img/KTKO50_201510011000_108_4a.png', NULL, NULL, 9),
	(9, '지도', 'image/png', NULL, 'http://www.kma.go.kr/repositary/image/wrn/img/KTKO50_201510011000_108_4a.png', NULL, NULL, 10),
	(10, '지도', 'image/png', NULL, 'http://www.kma.go.kr/repositary/image/wrn/img/KTKO50_201510011000_108_4a.png', NULL, NULL, 11),
	(11, '지도', 'image/png', NULL, 'http://www.kma.go.kr/repositary/image/wrn/img/KTKO50_201510011000_108_4a.png', NULL, NULL, 12),
	(12, '지도', 'image/png', NULL, 'http://www.kma.go.kr/repositary/image/wrn/img/KTKO50_201510011000_108_4a.png', NULL, NULL, 13),
	(13, '지도', 'image/png', NULL, 'http://www.kma.go.kr/repositary/image/wrn/img/KTKO50_201510011000_108_4a.png', NULL, NULL, 14),
	(14, '지도', 'image/png', NULL, 'http://www.kma.go.kr/repositary/image/wrn/img/KTKO50_201510011000_108_4a.png', NULL, NULL, 15),
	(15, '지도', 'image/png', NULL, 'http://www.kma.go.kr/repositary/image/wrn/img/KTKO50_201510011030_108_5a.png', NULL, NULL, 16),
	(16, '지도', 'image/png', NULL, 'http://www.kma.go.kr/repositary/image/wrn/img/KTKO50_201510011100_108_6a.png', NULL, NULL, 17),
	(17, '지도', 'image/png', NULL, 'http://www.kma.go.kr/repositary/image/wrn/img/KTKO50_201510011100_108_6a.png', NULL, NULL, 18),
	(18, '지도', 'image/png', NULL, 'http://www.kma.go.kr/repositary/image/wrn/img/KTKO50_201510011100_108_6a.png', NULL, NULL, 19),
	(19, '지도', 'image/png', NULL, 'http://www.kma.go.kr/repositary/image/wrn/img/KTKO50_201510011220_108_7a.png', NULL, NULL, 20),
	(20, '지도', 'image/png', NULL, 'http://www.kma.go.kr/repositary/image/wrn/img/KTKO50_201510011220_108_7a.png', NULL, NULL, 21),
	(21, '지도', 'image/png', NULL, 'http://www.kma.go.kr/repositary/image/wrn/img/KTKO50_201510011220_108_7a.png', NULL, NULL, 22),
	(22, '지도', 'image/png', NULL, 'http://www.kma.go.kr/repositary/image/wrn/img/KTKO50_201510011220_108_7a.png', NULL, NULL, 23),
	(23, '지도', 'image/png', NULL, 'http://www.kma.go.kr/repositary/image/wrn/img/KTKO50_201510011220_108_7a.png', NULL, NULL, 24),
	(24, '지도', 'image/png', NULL, 'http://www.kma.go.kr/repositary/image/wrn/img/KTKO50_201510011220_108_7a.png', NULL, NULL, 25),
	(25, '지도', 'image/png', NULL, 'http://www.kma.go.kr/repositary/image/wrn/img/KTKO50_201510011220_108_7a.png', NULL, NULL, 26),
	(26, '지도', 'image/png', NULL, 'http://www.kma.go.kr/repositary/image/wrn/img/KTKO50_201510011220_108_7a.png', NULL, NULL, 27),
	(27, '지도', 'image/png', NULL, 'http://www.kma.go.kr/repositary/image/wrn/img/KTKO50_201510011220_108_7a.png', NULL, NULL, 28),
	(28, '지도', 'image/png', NULL, 'http://www.kma.go.kr/repositary/image/wrn/img/KTKO50_201510011220_108_7a.png', NULL, NULL, 29),
	(29, '지도', 'image/png', NULL, 'http://www.kma.go.kr/repositary/image/wrn/img/KTKO50_201510011220_108_7a.png', NULL, NULL, 30),
	(30, '지도', 'image/png', NULL, 'http://www.kma.go.kr/repositary/image/wrn/img/KTKO50_201510011220_108_7a.png', NULL, NULL, 31),
	(31, '지도', 'image/png', NULL, 'http://www.kma.go.kr/repositary/image/wrn/img/KTKO50_201510011220_108_7a.png', NULL, NULL, 32),
	(32, '지도', 'image/png', NULL, 'http://www.kma.go.kr/repositary/image/wrn/img/KTKO50_201510011300_108_8a.png', NULL, NULL, 33),
	(33, '지도', 'image/png', NULL, 'http://www.kma.go.kr/repositary/image/wrn/img/KTKO50_201510011300_108_8a.png', NULL, NULL, 34),
	(34, '지도', 'image/png', NULL, 'http://www.kma.go.kr/repositary/image/wrn/img/KTKO50_201510011300_108_8a.png', NULL, NULL, 35),
	(35, '지도', 'image/png', NULL, 'http://www.kma.go.kr/repositary/image/wrn/img/KTKO50_201510011500_108_9a.png', NULL, NULL, 36),
	(36, '지도', 'image/png', NULL, 'http://www.kma.go.kr/repositary/image/wrn/img/KTKO50_201510011500_108_9a.png', NULL, NULL, 37),
	(37, '지도', 'image/png', NULL, 'http://www.kma.go.kr/repositary/image/wrn/img/KTKO50_201510011500_108_9a.png', NULL, NULL, 38),
	(38, '지도', 'image/png', NULL, 'http://www.kma.go.kr/repositary/image/wrn/img/KTKO50_201510011600_108_10a.png', NULL, NULL, 39),
	(39, '지도', 'image/png', NULL, 'http://www.kma.go.kr/repositary/image/wrn/img/KTKO50_201510011700_108_11a.png', NULL, NULL, 40),
	(40, '지도', 'image/png', NULL, 'http://www.kma.go.kr/repositary/image/wrn/img/KTKO50_201510011700_108_11a.png', NULL, NULL, 41),
	(41, '지도', 'image/png', NULL, 'http://www.kma.go.kr/repositary/image/wrn/img/KTKO50_201510011900_108_12a.png', NULL, NULL, 42),
	(42, '지도', 'image/png', NULL, 'http://www.kma.go.kr/repositary/image/wrn/img/KTKO50_201510011930_108_13a.png', NULL, NULL, 43),
	(43, '지도', 'image/png', NULL, 'http://www.kma.go.kr/repositary/image/wrn/img/KTKO50_201510012000_108_14a.png', NULL, NULL, 44),
	(44, '지도', 'image/png', NULL, 'http://www.kma.go.kr/repositary/image/wrn/img/KTKO50_201510012100_108_15a.png', NULL, NULL, 45),
	(45, '지도', 'image/png', NULL, 'http://www.kma.go.kr/repositary/image/wrn/img/KTKO50_201510012100_108_15a.png', NULL, NULL, 46),
	(46, '지도', 'image/png', NULL, 'http://www.kma.go.kr/repositary/image/wrn/img/KTKO50_201510012230_108_16a.png', NULL, NULL, 47),
	(47, '지도', 'image/png', NULL, 'http://www.kma.go.kr/repositary/image/wrn/img/KTKO50_201510012230_108_16a.png', NULL, NULL, 48),
	(48, '지도', 'image/png', NULL, 'http://www.kma.go.kr/repositary/image/wrn/img/KTKO50_201510012230_108_16a.png', NULL, NULL, 49),
	(49, '지도', 'image/png', NULL, 'http://www.kma.go.kr/repositary/image/wrn/img/KTKO50_201510012230_108_16a.png', NULL, NULL, 50),
	(50, '지도', 'image/png', NULL, 'http://www.kma.go.kr/repositary/image/wrn/img/KTKO50_201510012230_108_16a.png', NULL, NULL, 51),
	(51, '지도', 'image/png', NULL, 'http://www.kma.go.kr/repositary/image/wrn/img/KTKO50_201510020330_108_17a.png', NULL, NULL, 52),
	(52, '지도', 'image/png', NULL, 'http://www.kma.go.kr/repositary/image/wrn/img/KTKO50_201510020330_108_17a.png', NULL, NULL, 53),
	(53, '지도', 'image/png', NULL, 'http://www.kma.go.kr/repositary/image/wrn/img/KTKO50_201510020330_108_17a.png', NULL, NULL, 54),
	(54, '지도', 'image/png', NULL, 'http://www.kma.go.kr/repositary/image/wrn/img/KTKO50_201510020330_108_17a.png', NULL, NULL, 55),
	(55, '지도', 'image/png', NULL, 'http://www.kma.go.kr/repositary/image/wrn/img/KTKO50_201510020330_108_17a.png', NULL, NULL, 56),
	(56, '지도', 'image/png', NULL, 'http://www.kma.go.kr/repositary/image/wrn/img/KTKO50_201510020330_108_17a.png', NULL, NULL, 57),
	(57, '지도', 'image/png', NULL, 'http://www.kma.go.kr/repositary/image/wrn/img/KTKO50_201510020700_108_18a.png', NULL, NULL, 58),
	(58, '지도', 'image/png', NULL, 'http://www.kma.go.kr/repositary/image/wrn/img/KTKO50_201510020700_108_18a.png', NULL, NULL, 59),
	(59, '지도', 'image/png', NULL, 'http://www.kma.go.kr/repositary/image/wrn/img/KTKO50_201510020700_108_18a.png', NULL, NULL, 60),
	(60, '지도', 'image/png', NULL, 'http://www.kma.go.kr/repositary/image/wrn/img/KTKO50_201510020700_108_18a.png', NULL, NULL, 61),
	(61, '지도', 'image/png', NULL, 'http://www.kma.go.kr/repositary/image/wrn/img/KTKO50_201510020700_108_18a.png', NULL, NULL, 62),
	(62, '지도', 'image/png', NULL, 'http://www.kma.go.kr/repositary/image/wrn/img/KTKO50_201510020900_108_19a.png', NULL, NULL, 63),
	(63, '지도', 'image/png', NULL, 'http://www.kma.go.kr/repositary/image/wrn/img/KTKO50_201510020900_108_19a.png', NULL, NULL, 64),
	(64, '지도', 'image/png', NULL, 'http://www.kma.go.kr/repositary/image/wrn/img/KTKO50_201510020900_108_19a.png', NULL, NULL, 65),
	(65, '지도', 'image/png', NULL, 'http://www.kma.go.kr/repositary/image/wrn/img/KTKO50_201510021700_108_20a.png', NULL, NULL, 66),
	(66, '지도', 'image/png', NULL, 'http://www.kma.go.kr/repositary/image/wrn/img/KTKO50_201510021700_108_20a.png', NULL, NULL, 67),
	(67, '지도', 'image/png', NULL, 'http://www.kma.go.kr/repositary/image/wrn/img/KTKO50_201510030300_108_21a.png', NULL, NULL, 68),
	(68, '지도', 'image/png', NULL, 'http://www.kma.go.kr/repositary/image/wrn/img/KTKO50_201510030700_108_22a.png', NULL, NULL, 69),
	(69, '지도', 'image/png', NULL, 'http://www.kma.go.kr/repositary/image/wrn/img/KTKO50_201510041600_108_23a.png', NULL, NULL, 70);
/*!40000 ALTER TABLE `resource` ENABLE KEYS */;
/*!40101 SET SQL_MODE=IFNULL(@OLD_SQL_MODE, '') */;
/*!40014 SET FOREIGN_KEY_CHECKS=IF(@OLD_FOREIGN_KEY_CHECKS IS NULL, 1, @OLD_FOREIGN_KEY_CHECKS) */;
/*!40101 SET CHARACTER_SET_CLIENT=@OLD_CHARACTER_SET_CLIENT */;
